input_text,target_text,source_lang,target_lang
translate idiom to malayalam: by the by,ചക്ക വീണത് മുയൽ ചത്തത് (Chakka veenathu muyal chathathu),en,ml
translate idiom to english: കൈപ്പുള്ളവനേ മധുരത്തിന്റെ വിലയറിയൂ (Kaippullavane madhurathinte vilayariyu),Only those who have suffered know the true value of happiness.,ml,en
translate idiom to telugu: with a view to,దృష్టితో,en,te
translate idiom to telugu: Famous in name but lacking in actual substance.,పేరు గొప్ప ఊరు దిబ్బ (Peru goppa ooru dibba),en,te
translate idiom to malayalam: smell of the lamp,കഴുതയ്ക്കറിയാമോ കർപ്പൂരത്തിന്റെ മണം (Kazhuthaykkariyamoo karpoorathinte manam),en,ml
translate idiom to english: जमीन आसमान एक करना,To put in an immense effort.,hi,en
translate idiom to english: White lie.,An obvious or blatant lie.,en,en
translate idiom to malayalam: gone with the wind,കാറ്റുളളപ്പോൾ പാറ്റണം (Kattullappol pattanam),en,ml
"translate idiom to telugu: I gave the betel leaves, now fight to death.",తాంబూలాలిచ్చేశాను తన్నుకు చావండి (Thamboolalichhesanu thannuku chavandi),en,te
translate idiom to hindi: hot air,गरम हवा,en,hi
translate idiom to english: आँख का तारा होना,To be the apple of someone's eye; very dear.,hi,en
translate idiom to english: To do Shri Ganesh.,To start something new.,en,en
translate idiom to english: To put under house arrest.,To restrict someone's freedom.,en,en
translate idiom to malayalam: open someone's eyes,ആരുടെയെങ്കിലും കണ്ണുകൾ തുറക്കുക,en,ml
translate idiom to malayalam: add fuel to the fire,എരിയുന്ന തീയിൽ എണ്ണ ഒഴിക്കുക (Eriyunna theeyil enna ozhikkuka),en,ml
translate idiom to telugu: take root,రూట్ తీసుకోండి,en,te
translate idiom to telugu: Wasted effort or beauty that goes unappreciated.,అడవిలో కాచిన వెన్నెల (Adavilo kaachina vennela),en,te
"translate idiom to english: Even if roasted, the smell won't go.",Deep-rooted bad habits cannot be eradicated easily.,en,en
translate idiom to hindi: bear fruit,भालू फल,en,hi
translate idiom to telugu: To tie the throat.,గొంతు కట్టడం,en,te
translate idiom to english: Calling the boatman 'bald Mallanna' after crossing the river.,Being extremely ungrateful once a favor is received.,en,en
translate idiom to telugu: over the top,పైన,en,te
translate idiom to english: A small fruit in an elephant's mouth.,An amount that is absurdly too small for a huge need.,en,en
translate idiom to telugu: see eye to eye,కలలు కనడం,en,te
translate idiom to hindi: in the pipeline,प्रक्रिया में है,en,hi
translate idiom to english: Do not kill a person without knowing them.,Do not judge or punish someone before knowing the full truth about them.,en,en
translate idiom to english: आग में घी डालना,To aggravate a situation.,hi,en
translate idiom to malayalam: An attempt to improve a situation made it disastrously worse.,വെളുക്കാൻ തേച്ചത് പാണ്ടായി (Velukkan thechathu paandaayi),en,ml
translate idiom to malayalam: fly a kite,കാക്ക മലർന്നു പറക്കുമോ (Kaakka malarnnu parakkumo),en,ml
translate idiom to malayalam: The tail shouldn't wag when the head is present.,തലയിരിക്കുമ്പോൾ വാലാടരുത് (Thalayirikkumbol vaaladaruthu),en,ml
translate idiom to hindi: To make teeth sour.,दाँत खट्टे करना,en,hi
translate idiom to english: దీపం ఉండగానే ఇల్లు చక్కబెట్టుకోవాలి (Deepam undagane illu chakkabettukovali),Make hay while the sun shines; utilize opportunities while they last.,te,en
translate idiom to malayalam: Throwing the stick a yard ahead of the running dog.,ഓടുന്ന നായയ്ക്ക് ഒരു മുഴം മുമ്പേ (Odunna naayakku oru muzham mumpe),en,ml
"translate idiom to telugu: Doing something wrong secretly, foolishly believing no one notices.",పిల్లి కళ్ళు మూసుకుని పాలు తాగుతూ... (Pilli kallu musukuni paalu thaguthu...),en,te
translate idiom to telugu: Keeping a cat in the armpit and searching the whole town.,చంకలో పిల్లిని పెట్టుకొని ఊరంతా వెతికినట్లు (Chankalo pillini pettukoni oorantha vethikinatlu),en,te
translate idiom to english: To take a hit.,To compete or confront.,en,en
translate idiom to malayalam: eat someone out of house and home,വിദ്വാന് എവിടെയും സ്ഥാനം (Vidwanu evideyum sthaanam),en,ml
translate idiom to hindi: state of the art,आधुनिकतम,en,hi
translate idiom to hindi: to the bone,मुठ्ठी गर्म करना,en,hi
translate idiom to english: What the doctor prescribed and what the patient desired was milk.,A win-win situation where advice perfectly matches desires.,en,en
translate idiom to hindi: clean house,हाथ साफ करना,en,hi
"translate idiom to english: Even if cut 100 times, a mosquito's leg remains small.",Something insignificant will remain insignificant no matter what you do.,en,en
translate idiom to english: వాటిని పక్కన పెట్టడం,Ignoring distractions or irrelevant matters.,te,en
translate idiom to hindi: To become water-water.,पानी-पानी होना,en,hi
translate idiom to malayalam: in the short run,ഹ്രസ്വകാലത്തേക്ക്,en,ml
translate idiom to english: Like a pig stuck in mud.,A person who is stuck in a messy situation and cannot escape.,en,en
translate idiom to english: हवा का रुख देखना,To assess a situation before acting.,hi,en
translate idiom to english: Thunder rolling and falling on the earthen pan.,A huge buildup that results in a minor or pathetic outcome.,en,en
translate idiom to malayalam: Does a donkey know the smell of camphor?,കഴുതയ്ക്കറിയാമോ കർപ്പൂരത്തിന്റെ മണം (Kazhuthaykkariyamoo karpoorathinte manam),en,ml
translate idiom to malayalam: cast the first stone,അരയ്ക്കുന്ന കല്ല് പൊടിക്കും (Araykkunna kall podikkum),en,ml
translate idiom to telugu: Anger only destroys the person who is angry.,తన కోపమే తన శత్రువు (Thana kopame thana shatruvu),en,te
translate idiom to malayalam: Do not kill a person without knowing them.,ആളറിയാതെ ആളെ കൊല്ലരുത് (Aalariyathe aale kollaruthu),en,ml
translate idiom to hindi: To be someone's favorite or deeply loved.,गले का हार होना,en,hi
translate idiom to english: മീൻ കുഞ്ഞിനെ നീന്താൻ പഠിപ്പിക്കണോ (Meen kunjine neenthan padippikkano),You don't need to teach someone what they are naturally talented at.,ml,en
translate idiom to english: నోటితో నవ్వి నొసటితో వెక్కిరించినట్లు (Notitho navvi nosatitho vekkirinchinatlu),Being two-faced or hypocritical.,te,en
translate idiom to english: Tying the legs.,To restrict someone's freedom or movement.,en,en
translate idiom to english: The jasmine in the front yard has no fragrance.,Familiarity breeds contempt; undervaluing what is easily available.,en,en
translate idiom to hindi: turn heads,सिर घुमाओ,en,hi
translate idiom to hindi: A home-cooked chicken is equal to lentils.,घर की मुर्गी दाल बराबर,en,hi
translate idiom to english: അക്കരെ നിന്നാൽ ഇക്കരെ പച്ച (Akkare ninnal ikkare paccha),The grass is always greener on the other side.,ml,en
translate idiom to malayalam: the grass is always greener,അക്കരെ നിന്നാൽ ഇക്കരെ പച്ച (Akkare ninnal ikkare paccha),en,ml
translate idiom to telugu: night and day,రాత్రి అయితే గానీ రంగులు తెలియవు (Rathri ayithe gaani rangulu theliyavu),en,te
translate idiom to telugu: get the better of,మంచి పొందండి,en,te
translate idiom to telugu: Hypocritical help from an enemy who actually intends to harm you.,కప్పకు పుండు వస్తే పాము తల దడిమినట్లు (Kappaku pundu vaste paamu thala dadiminatlu),en,te
translate idiom to hindi: To be the moon of Eid.,ईद का चाँद होना,en,hi
translate idiom to telugu: to the tune of,శివుని ఆజ్ఞ లేనిదే చీమైనా కుట్టదు (Shivuni aagna lenide cheemaina kuttadu),en,te
translate idiom to telugu: Wind joining the fire.,అగ్నికి వాయువు తోడైనట్లు (Agniki vayuvu thodainatlu),en,te
translate idiom to malayalam: at the drop of a hat,പൂവിന്റെ മണം,en,ml
translate idiom to malayalam: lay eyes on,കുറുക്കന്റെ കണ്ണ് കോഴിക്കൂട്ടിൽ (Kurukkante kannu kozhikkoottil),en,ml
translate idiom to telugu: with a vengeance,ప్రతీకారంతో,en,te
translate idiom to english: Like a line drawn on water.,Something that disappears instantly; fleeting and impermanent.,en,en
translate idiom to hindi: To be saved by a hair.,बाल-बाल बचना,en,hi
translate idiom to malayalam: lose the plot,തലക്കനം വന്നാൽ തറയറിയില്ല (Thalakkanam vannal tharayariyilla),en,ml
"translate idiom to english: In water, a crocodile can catch an elephant.",Everyone is powerful on their home turf.,en,en
"translate idiom to malayalam: If you put a leech on a mattress, will it stay there?",അട്ടയെപ്പിടിച്ച് മെത്തയിൽ കിടത്തിയാൽ കിടക്കുമോ (Attayepidichu methayil kidathiyaal kidakkumo),en,ml
translate idiom to hindi: over the hill,पहाड़ी के ऊपर,en,hi
translate idiom to hindi: do the trick,चालाकी करो,en,hi
translate idiom to malayalam: Do not do foolish things; use the right tools for the right job.,വടിയെടുത്തു വാഴ വെട്ടരുത് (Vadiyeduthu vazha vettaruthu),en,ml
translate idiom to hindi: To aggravate a situation.,आग में घी डालना,en,hi
translate idiom to telugu: an old flame,రోకలికి చిగురు పుట్టినట్లు (Rokaliki chiguru puttinatlu),en,te
translate idiom to english: చేతికి ఎముక లేదు (Chethiki emuka ledu),Being extremely generous and giving freely.,te,en
translate idiom to hindi: Confidential matters may be overheard.,दीवारों के कान होना,en,hi
translate idiom to telugu: within an ace of,వయసొస్తే వంకర కర్ర కూడా అందంగా ఉంటుంది (Vayasoste vankara karra kuda andanga untundi),en,te
translate idiom to english: To bathe in the eye.,To be very close or dear.,en,en
translate idiom to english: A crow's child is beautiful to the crow.,"Everyone loves their own offspring, regardless of their flaws.",en,en
translate idiom to english: Eating from a wool blanket and picking out hairs.,Complaining about inevitable minor flaws in a situation.,en,en
translate idiom to malayalam: take a shine to,മുട്ടിനെ തട്ടുക,en,ml
translate idiom to malayalam: Knowledge and talent will bring respect regardless of location.,വിദ്വാന് എവിടെയും സ്ഥാനം (Vidwanu evideyum sthaanam),en,ml
translate idiom to english: పిల్లి కళ్ళు మూసుకుని పాలు తాగుతూ... (Pilli kallu musukuni paalu thaguthu...),"Doing something wrong secretly, foolishly believing no one notices.",te,en
translate idiom to malayalam: behind someone's back,ഒരാളുടെ പുറകിൽ,en,ml
translate idiom to hindi: white hat,सफेद झूठ,en,hi
translate idiom to telugu: Being broke but putting on wealthy airs.,"చేతిలో చిల్లిగవ్వ లేదు, చంకలో జమిందారీ (Chethilo chilligavva ledu, chankalo jamindaari)",en,te
translate idiom to english: मुँह में राम बगल में छुरी,A wolf in sheep's clothing.,hi,en
translate idiom to english: పచ్చి మిరపకాయలు,Something that is fresh and lively.,te,en
translate idiom to malayalam: He who eats salt will drink water.,ഉപ്പു തിന്നവൻ വെള്ളം കുടിക്കും (Uppu thinnavan vellam kudikkum),en,ml
translate idiom to english: The fence grazing the crop.,The protector turning into the predator.,en,en
translate idiom to english: दीवारों के कान होना,Confidential matters may be overheard.,hi,en
translate idiom to english: To become a fire bubble.,To be extremely angry.,en,en
translate idiom to malayalam: Any difficult situation is manageable if people stand united.,ഒരുമയുണ്ടെങ്കിൽ ഉലക്കമേലും കിടക്കാം (Orumayundengil ulakkamelum kidakkam),en,ml
translate idiom to english: नौ दो ग्यारह होना,To run away or escape.,hi,en
translate idiom to english: Do not cut a banana tree with a stick.,Do not do foolish things; use the right tools for the right job.,en,en
translate idiom to telugu: A full pot doesn't spill.,నిండు కుండ తొణకదు (Nindu kunda thonakadu),en,te
translate idiom to malayalam: think twice,രണ്ടുവട്ടം ചിന്തിക്കുക,en,ml
translate idiom to malayalam: go hand in hand,കൈകോർത്തു പോകുക,en,ml
translate idiom to malayalam: Do not judge or punish someone before knowing the full truth about them.,ആളറിയാതെ ആളെ കൊല്ലരുത് (Aalariyathe aale kollaruthu),en,ml
translate idiom to telugu: down the road,రోడ్డు క్రింద,en,te
translate idiom to english: मुठ्ठी गर्म करना,To give a bribe.,hi,en
translate idiom to hindi: The only support.,अंधे की लाठी,en,hi
"translate idiom to telugu: When completely exhausted or starving, quality doesn't matter.","ఆకలి రుచి ఎరుగదు, నిద్ర సుఖమెరుగదు (Aakali ruchi erugadu, nidra sukhamerugadu)",en,te
translate idiom to hindi: To be extremely tired.,थक कर चूर होना,en,hi
translate idiom to telugu: Creating a fraudulent disguise or deceiving cleverly.,మసి పూసి మారేడు కాయ చేసినట్లు (Masi poosi maredu kaya chesinatlu),en,te
translate idiom to english: टक्कर खाना,To compete or confront.,hi,en
"translate idiom to english: If the listener is a fool, the speaker claims to speak divine philosophy.",Exploiting the ignorance of the audience with grand lies.,en,en
translate idiom to english: नमक मिर्च लगाना,To exaggerate a story.,hi,en
translate idiom to telugu: Being caught in an extremely difficult dilemma.,మింగలేక కక్కలేక (Mingaleeka kakkaleeka),en,te
translate idiom to telugu: in the club,క్లబ్ లో,en,te
translate idiom to english: മുങ്ങിച്ചാവാൻ പോകുന്നവൻ കച്ചിത്തുരുമ്പും പിടിക്കും (Mungichavan pokunnavan kachithurumbum pidikkum),A desperate person will try any small chance to save themselves.,ml,en
"translate idiom to telugu: Where is the fox, and where is heaven?","నక్క ఎక్కడ, నాగలోకం ఎక్కడ (Nakka ekkada, nagalokam ekkada)",en,te
translate idiom to english: Sprinkling chili powder on a wound.,Adding insult to injury.,en,en
translate idiom to english: बाल-बाल बचना,To have a narrow escape.,hi,en
translate idiom to english: ऊँट के मुँह में जीरा,A drop in the ocean; too little.,hi,en
translate idiom to hindi: left and right,बाएँ और दाएँ,en,hi
translate idiom to malayalam: in a fog,ആന മെലിഞ്ഞാൽ തൊഴുത്തിൽ കെട്ടാമോ (Aana melinjal thozhuthil kettamo),en,ml
translate idiom to hindi: To become red and yellow.,लाल पीला होना,en,hi
translate idiom to telugu: Unreachable grapes are sour.,అందని ద్రాక్ష పండ్లు పుల్లన (Andani draksha pandlu pullana),en,te
translate idiom to telugu: tie the knot,గొంతు కట్టడం,en,te
translate idiom to english: तलवे चाटना,To flatter or bootlick for personal gain.,hi,en
translate idiom to telugu: A completely unexpected stroke of good luck.,రొట్టె విరిగి నేతిలో పడ్డట్టు (Rotte virigi nethilo paddattu),en,te
translate idiom to malayalam: Experts or masters are granted exceptions to the rules.,ആശാന് അടുപ്പിലും ആവാം (Aashaanu aduppilum aavam),en,ml
"translate idiom to english: In youth, even a crooked stick looks beautiful.",Youth imparts an automatic illusion of beauty.,en,en
translate idiom to malayalam: go without saying,പറയാതെ പോകുക,en,ml
translate idiom to hindi: change hands,दूसरे हाथ में चले जाना,en,hi
translate idiom to telugu: To climb the tree.,చెట్టు మీద ఎక్కడం,en,te
translate idiom to telugu: Adding insult to injury.,పుండు మీద కారం చల్లినట్లు (Pundu meeda kaaram challinatlu),en,te
translate idiom to hindi: big hitter,छोटा मुँह बड़ी बात,en,hi
translate idiom to english: కుక్క తోక వంకర (Kukka thoka vankara),Old habits die hard; a person's basic nature cannot be changed easily.,te,en
translate idiom to english: Experience is the seventh sense.,True wisdom comes from personal experience.,en,en
translate idiom to english: അണ്ണാറക്കണ്ണനും തന്നാലായത് (Annarakkannanum thannalayathu),Every small contribution matters.,ml,en
translate idiom to telugu: Cutting a throat with a wet cloth.,తడి గుడ్డతో గొంతు కోయడం (Thadi guddatho gonthu koyadam),en,te
translate idiom to malayalam: dig deep,കണ്ണീരൊഴുക്കുക,en,ml
translate idiom to english: പാമ്പിന്റെ കാല് പാമ്പറിയും (Paambinte kaalu paambariyum),It takes one to know one; people of similar nature understand each other.,ml,en
translate idiom to malayalam: come to terms with,പൊരുത്തപ്പെടുത്തുക,en,ml
translate idiom to english: To throw dust in eyes.,To deceive someone.,en,en
translate idiom to telugu: get the boot,ఉన్న మాట చెబితే ఉలుకెక్కువ (Unna maata chebithe ulukekkuva),en,te
translate idiom to english: There is no god greater than the mother.,A mother is the supreme figure of love and reverence.,en,en
translate idiom to telugu: Reacting far too late to a situation to be of any use.,దొంగలు పడ్డ ఆరు నెలలకు కుక్కలు మొరిగినట్లు (Dongalu padda aaru nelalaku kukkalu moriginatlu),en,te
translate idiom to hindi: To become darning and a wheel.,रफूचक्कर होना,en,hi
translate idiom to telugu: play games,ఆటలు ఆడతారు,en,te
"translate idiom to english: నక్క ఎక్కడ, నాగలోకం ఎక్కడ (Nakka ekkada, nagalokam ekkada)",A mismatch of monumental proportions; comparing the lowest to the highest.,te,en
translate idiom to malayalam: down the road,റോഡിലൂടെ,en,ml
translate idiom to english: മോങ്ങാനിരുന്ന നായയുടെ തലയിൽ തേങ്ങ വീണു (Mongaanirunna naayayude thalayil thenga veenu),Providing a ready excuse for someone who was already looking for a reason to complain.,ml,en
translate idiom to malayalam: beg the question,ചോദ്യം ചോദിക്കുക,en,ml
translate idiom to english: दूध का दूध पानी का पानी,Absolute and fair justice.,hi,en
translate idiom to malayalam: Giving something valuable to someone who cannot appreciate or use it.,നായ്ക്കenthu തേങ്ങ (Naaykkenthu thenga),en,ml
translate idiom to english: चार दिन की चाँदनी फिर अंधेरी रात,A nine days' wonder; short-lived happiness.,hi,en
translate idiom to english: ठिकाने लगाना,To eliminate someone.,hi,en
"translate idiom to english: The snake should die, but the stick should not break.",Finding a solution that satisfies all parties without loss.,en,en
translate idiom to english: ആന മെലിഞ്ഞാൽ തൊഴുത്തിൽ കെട്ടാമോ (Aana melinjal thozhuthil kettamo),"Even in decline, a great person or thing retains their inherent stature.",ml,en
translate idiom to hindi: A secret being revealed.,कलई खुलना,en,hi
translate idiom to malayalam: The grass is always greener on the other side.,അക്കരെ നിന്നാൽ ഇക്കരെ പച്ച (Akkare ninnal ikkare paccha),en,ml
translate idiom to hindi: come to a head,एक सिर पर आओ,en,hi
translate idiom to hindi: To point fingers; blame someone.,उँगली उठाना,en,hi
translate idiom to telugu: drop someone a line,మూలిగే నక్క మీద తాటికాయ పడ్డట్టు (Moolige nakka meeda thaatikaya paddattu),en,te
translate idiom to english: Set the house in order while the lamp is burning.,Make hay while the sun shines; utilize opportunities while they last.,en,en
translate idiom to telugu: hit the bottle,అల్లుడు కొట్టడం,en,te
translate idiom to malayalam: Do not cut the branch you are sitting on.,ഇരിക്കുന്ന കൊമ്പ് മുറിക്കരുത് (Irikkunna kombu murikkaruthu),en,ml
translate idiom to malayalam: turn the corner,കോണിൽ തിരിക്കുക,en,ml
translate idiom to hindi: The whitewash coming off.,कलई खुलना,en,hi
translate idiom to english: To fill ears.,To poison someone's mind against another.,en,en
translate idiom to english: Do not cut the branch you are sitting on.,Do not destroy the very thing that supports you.,en,en
translate idiom to english: పండిత పుత్ర శుంఠ (Pandita putra shuntha),Genius is not always inherited.,te,en
translate idiom to english: പടപേടിച്ച് പന്തളത്ത് ചെന്നപ്പോൾ അവിടെ പന്തം കൊളുത്തി പട (Pada pedichu panthalathu chennappol avide pantham koluthi pada),Out of the frying pan and into the fire.,ml,en
translate idiom to malayalam: for the time being,കാലക്രമത്തിൽ,en,ml
translate idiom to english: కలలు కనడం,To aspire or hope for something better.,te,en
translate idiom to telugu: rule of thumb,బొటనవేలు నియమం,en,te
translate idiom to telugu: Making a mountain out of a molehill; exaggerating a small issue.,గోరంత దాన్ని కొండంత చేయడం (Goranta daanni kondanta cheyadam),en,te
translate idiom to english: What does a monkey know of ginger?,Someone is unaware of the value or significance of something.,en,en
translate idiom to english: To eat of the mouth.,To suffer a humiliating defeat.,en,en
translate idiom to telugu: have a cow,ఆవు వ్యాకరణం చదివినట్లు (Aavu vyakaranam chadinatlu),en,te
translate idiom to hindi: one of those days,चार दिन की चाँदनी फिर अंधेरी रात,en,hi
translate idiom to hindi: bear in mind,ध्यान में रखो,en,hi
translate idiom to hindi: To stand firm on an issue.,धरना देना,en,hi
translate idiom to english: To chew iron chickpeas.,To do a very difficult task.,en,en
translate idiom to malayalam: Little contributions add up to a massive result.,പല തുള്ളി പെരുവെള്ളം (Pala thulli peru vellam),en,ml
translate idiom to hindi: in the red,लाल रंग में,en,hi
translate idiom to hindi: To exaggerate a small issue.,राई का पहाड़ बनाना,en,hi
translate idiom to malayalam: face to face,മുഖാമുഖം,en,ml
translate idiom to english: Keeping a cat in the armpit and searching the whole town.,Searching everywhere for something that is right in front of you.,en,en
translate idiom to telugu: A truly wise and knowledgeable person is calm and doesn't show off.,నిండు కుండ తొణకదు (Nindu kunda thonakadu),en,te
"translate idiom to malayalam: Even if roasted, the smell won't go.",ചുട്ടു തിന്നാലും വാസന പോവില്ല (Chuttu thinnalum vaasana povilla),en,ml
translate idiom to telugu: tell it like it is,చేతులు కాలాక ఆకులు పట్టుకున్నట్లు (Chetulu kalaka aakulu pattukunnatlu),en,te
translate idiom to hindi: up and running,ऊपर और चल रहा है,en,hi
translate idiom to malayalam: A person with ulterior motives always focuses on their target.,കുറുക്കന്റെ കണ്ണ് കോഴിക്കൂട്ടിൽ (Kurukkante kannu kozhikkoottil),en,ml
translate idiom to telugu: as a rule,ఒక నియమం వలె,en,te
translate idiom to malayalam: Only those who have bitterness know the value of sweetness.,കൈപ്പുള്ളവനേ മധുരത്തിന്റെ വിലയറിയൂ (Kaippullavane madhurathinte vilayariyu),en,ml
translate idiom to english: The guruvinda seed doesn't know its own blackness.,A person ignoring their own faults while criticizing others.,en,en
translate idiom to malayalam: in black and white,പാലം കടക്കുവോളം നാരായണ നാരായണ (Paalam kadakkuvolam Narayana Narayana),en,ml
translate idiom to english: పుండు మీద కారం చల్లినట్లు (Pundu meeda kaaram challinatlu),Adding insult to injury.,te,en
translate idiom to telugu: Eating from a wool blanket and picking out hairs.,గొంగళిలో తింటూ వెంట్రుకలు ఏరుకున్నట్లు (Gongalilo thintu ventrukalu eerukunnatlu),en,te
"translate idiom to malayalam: Every living being values its own existence, no matter how small.",ഉറുമ്പിനും തന്റെ ജീവൻ വലുതാണ് (Urumbinum thante jeevan valuthaanu),en,ml
translate idiom to hindi: A quail falling into a blind man's hands.,अंधे के हाथ बटेर लगना,en,hi
translate idiom to telugu: Like a cow studying grammar.,ఆవు వ్యాకరణం చదివినట్లు (Aavu vyakaranam chadinatlu),en,te
translate idiom to hindi: cast pearls before swine,भैंस के आगे बीन बजाना,en,hi
translate idiom to english: To be a bookworm.,To be always reading.,en,en
translate idiom to telugu: turn heads,తలలు తిప్పండి,en,te
translate idiom to english: రొంపిలో పడ్డ పంది లాగా (Rompilo padda pandi laaga),A person who is stuck in a messy situation and cannot escape.,te,en
translate idiom to telugu: join the club,క్లబ్‌లో చేరండి,en,te
translate idiom to english: మసి పూసి మారేడు కాయ చేసినట్లు (Masi poosi maredu kaya chesinatlu),Creating a fraudulent disguise or deceiving cleverly.,te,en
translate idiom to telugu: by the by,కాళ్ళు కట్టడం,en,te
translate idiom to english: Many drops make a great flood.,Little contributions add up to a massive result.,en,en
translate idiom to english: To clean hands.,To steal something or show sleight of hand.,en,en
translate idiom to telugu: Giving a coconut to a monkey.,కోతికి కొబ్బరికాయ ఇచ్చినట్లు (Kothiki kobbarikaya ichinatlu),en,te
translate idiom to hindi: To be extremely embarrassed.,पानी-पानी होना,en,hi
translate idiom to hindi: to die for,तलवे चाटना,en,hi
translate idiom to hindi: To be furious.,लाल पीला होना,en,hi
translate idiom to telugu: Showing anger towards the mother-in-law on the pot.,అత్త మీద కోపం దుత్త మీద చూపినట్లు (Attha meeda kopam duttha meeda chupinatlu),en,te
translate idiom to telugu: on the rocks,రాళ్ళ మీద,en,te
translate idiom to english: Experience is the great teacher.,You learn the best lessons from your own experiences.,en,en
translate idiom to telugu: One's anger is one's enemy.,తన కోపమే తన శత్రువు (Thana kopame thana shatruvu),en,te
translate idiom to hindi: from a to z,अपने मुँह मियाँ मिट्ठू बनना,en,hi
translate idiom to english: కాకి పిల్ల కాకికి ముద్దు (Kaaki pilla kaakiki muddu),"Everyone loves their own offspring, regardless of their flaws.",te,en
translate idiom to english: Does a donkey know the smell of camphor?,An uncultured person cannot appreciate the value of fine things.,en,en
translate idiom to english: പത്തായത്തിൽ നെല്ലുണ്ടെങ്കിൽ എലി വയനാട്ടിൽ നിന്നും വരും (Pathayathil nellundengil eli wayanattil ninnum varum),"If you are wealthy or successful, people will find you no matter where you are.",ml,en
translate idiom to hindi: To restrict someone's freedom.,नज़रबंद करना,en,hi
translate idiom to telugu: up a tree,తాడి చెట్టు ఎక్కే వాడిని ఎంత వరకు ఎగదోయాలి (Thaadi chettu ekke vaadini entha varaku egadoyali),en,te
translate idiom to telugu: in business,పేరు గొప్ప ఊరు దిబ్బ (Peru goppa ooru dibba),en,te
translate idiom to english: അരയ്ക്കുന്ന കല്ല് പൊടിക്കും (Araykkunna kall podikkum),Consistent hard work will eventually yield results.,ml,en
translate idiom to malayalam: break even,ഉറുമ്പിനും തന്റെ ജീവൻ വലുതാണ് (Urumbinum thante jeevan valuthaanu),en,ml
translate idiom to malayalam: cut a dash,നൂറു വട്ടം അറുത്താലും കൊതുകിന്റെ കാല് (Nooru vattam aruthalum kothukinte kaalu),en,ml
translate idiom to english: अंधे के हाथ बटेर लगना,Getting something valuable without the necessary qualifications.,hi,en
translate idiom to english: The fence itself eating the crop.,The protector turning into the predator.,en,en
translate idiom to telugu: up and running,అప్ మరియు నడుస్తున్న,en,te
translate idiom to english: An umbrella for the respective sun.,Adapting to situations for personal benefit; being an opportunist.,en,en
translate idiom to telugu: out of kilter,ఆవు వ్యాకరణం చదివినట్లు (Aavu vyakaranam chadinatlu),en,te
translate idiom to malayalam: What business does a cat have where gold is melted?,പൊന്നുരുക്കുന്നിടത്ത് പൂച്ചക്കെന്തു കാര്യം (Ponnurukkunnidathu poochakkenthu karyam),en,ml
"translate idiom to english: Where is the fox, and where is heaven?",A mismatch of monumental proportions; comparing the lowest to the highest.,en,en
translate idiom to hindi: A hidden enemy or traitor.,आस्तीन का साँप,en,hi
translate idiom to hindi: sweat blood,खून पसीना एक करना,en,hi
translate idiom to telugu: break even,శివుని ఆజ్ఞ లేనిదే చీమైనా కుట్టదు (Shivuni aagna lenide cheemaina kuttadu),en,te
translate idiom to hindi: turn up like a bad penny,नाच न जाने आँगन टेढ़ा,en,hi
translate idiom to malayalam: Every small contribution matters.,അണ്ണാറക്കണ്ണനും തന്നാലായത് (Annarakkannanum thannalayathu),en,ml
translate idiom to malayalam: drink like a fish,കരിമ്പു കാട്ടിൽ ആന കയറിയതു പോലെ (Karimbu kattil aana kayariyathu pole),en,ml
translate idiom to hindi: go without saying,बिना कहे जाओ,en,hi
translate idiom to telugu: To restrict someone's freedom or movement.,కాళ్ళు కట్టడం,en,te
translate idiom to hindi: To move heaven and earth; work very hard.,आकाश-पाताल एक करना,en,hi
translate idiom to english: Cutting a throat with a wet cloth.,Betraying someone slowly and sweetly from the inside.,en,en
translate idiom to english: Dogs barking 6 months after the robbery.,Reacting far too late to a situation to be of any use.,en,en
translate idiom to hindi: get lost,भाड़ में जाओ,en,hi
translate idiom to malayalam: go public,പൊതുവായി പോകുക,en,ml
translate idiom to malayalam: behind bars,ബാറുകൾക്ക് പിന്നിൽ,en,ml
translate idiom to malayalam: in the blink of an eye,കഴുതയ്ക്കറിയാമോ കർപ്പൂരത്തിന്റെ മണം (Kazhuthaykkariyamoo karpoorathinte manam),en,ml
translate idiom to telugu: sour grapes,అందని ద్రాక్ష పండ్లు పుల్లన (Andani draksha pandlu pullana),en,te
translate idiom to malayalam: catch someone's eye,ഒരാളുടെ കണ്ണ് പിടിക്കുക,en,ml
translate idiom to malayalam: silence is golden,കാക്കയ്ക്കും തൻ കുഞ്ഞ് പൊൻകുഞ്ഞ് (Kakkakkum than kunju pon kunju),en,ml
translate idiom to malayalam: The jasmine in the front yard has no fragrance.,മുറ്റത്തെ മുല്ലയ്ക്ക് മണമില്ല (Muttathe mullakku manamilla),en,ml
translate idiom to malayalam: Burning the house out of fear of a rat.,എലിയെ പേടിച്ച് ഇല്ലം ചുടുക (Eliye pedichu illam chuduka),en,ml
translate idiom to telugu: Disparaging what you cannot achieve; sour grapes.,అందని ద్రాక్ష పండ్లు పుల్లన (Andani draksha pandlu pullana),en,te
translate idiom to malayalam: in someone's pocket,ഒരാളുടെ പോക്കറ്റിൽ,en,ml
translate idiom to telugu: A crow's child is beautiful to the crow.,కాకి పిల్ల కాకికి ముద్దు (Kaaki pilla kaakiki muddu),en,te
"translate idiom to english: Double by day, quadruple by night.",To progress very rapidly.,en,en
translate idiom to english: ഉള്ളതുകൊണ്ട് ഓണം പോലെ (Ullathukondu onam pole),Make the best out of what you have.,ml,en
translate idiom to english: దొంగలు పడ్డ ఆరు నెలలకు కుక్కలు మొరిగినట్లు (Dongalu padda aaru nelalaku kukkalu moriginatlu),Reacting far too late to a situation to be of any use.,te,en
translate idiom to telugu: Exploiting the ignorance of the audience with grand lies.,"వినేవాడు వెర్రివాడైతే, చెప్పేవాడు శివతత్వం చెప్పాడట (Vinevaadu verrivaadaithe, cheppevaadu shivatathvam cheppadata)",en,te
translate idiom to telugu: on edge,అంచున,en,te
translate idiom to malayalam: out of order,ക്രമം തെറ്റി,en,ml
translate idiom to malayalam: in the long run,നാട് ഓടുമ്പോൾ നടുവേ ഓടണം (Naadu odumbol naduve odanam),en,ml
translate idiom to telugu: go public,బహిరంగంగా వెళ్ళండి,en,te
translate idiom to english: To cut silver.,To earn a lot of money easily.,en,en
translate idiom to telugu: Ignoring distractions or irrelevant matters.,వాటిని పక్కన పెట్టడం,en,te
translate idiom to hindi: A blind man's stick.,अंधे की लाठी,en,hi
translate idiom to english: To fill an ocean in a small pot.,To express deep or vast meaning in a few words.,en,en
translate idiom to telugu: the ayes have it,పెదవి దాటితే పెన్న దాటుతుంది (Pedavi daatithe penna daatuthundi),en,te
translate idiom to telugu: feast or famine,వాటిని పక్కన పెట్టడం,en,te
translate idiom to telugu: not to put too fine a point on it,దొంగలు పడ్డ ఆరు నెలలకు కుక్కలు మొరిగినట్లు (Dongalu padda aaru nelalaku kukkalu moriginatlu),en,te
translate idiom to hindi: on the face of it,ऊपर - ऊपर से,en,hi
translate idiom to telugu: Doing something completely out of one's depth or comprehension.,ఆవు వ్యాకరణం చదివినట్లు (Aavu vyakaranam chadinatlu),en,te
translate idiom to hindi: To compete or confront.,टक्कर खाना,en,hi
translate idiom to malayalam: cut your coat according to your cloth,കാറ്റിനൊത്ത് പായ വിരിക്കുക (Kaattinothu paaya virikkuka),en,ml
translate idiom to telugu: stroke of luck,రొట్టె విరిగి నేతిలో పడ్డట్టు (Rotte virigi nethilo paddattu),en,te
translate idiom to hindi: To eat of the mouth.,मुँह की खाना,en,hi
translate idiom to english: A crane devotee.,A hypocrite.,en,en
translate idiom to malayalam: People managing money or resources will naturally take a small cut for themselves.,തേൻ എടുത്തവൻ കൈ നക്കും (Then eduthavan kai nakkum),en,ml
translate idiom to malayalam: make a monkey of someone,പുര കത്തുമ്പോൾ വാഴ വെട്ടുക (Pura kathumbol vazha vettuka),en,ml
translate idiom to malayalam: A deeply ingrained habit or characteristic persists until the very end.,തല പോയാലും ചിരി മാറില്ല (Thala poyalum chiri maarilla),en,ml
translate idiom to hindi: A bad workman blames his tools.,नाच न जाने आँगन टेढ़ा,en,hi
translate idiom to hindi: To lose one's senses.,अक्ल पर पत्थर पड़ना,en,hi
translate idiom to hindi: To become a sweet-talker from one's own mouth.,अपने मुँह मियाँ मिट्ठू बनना,en,hi
translate idiom to malayalam: put the boot in,താൻ പാതി ദൈവം പാതി (Thaan paathi daivam paathi),en,ml
translate idiom to malayalam: Do you need to teach a baby fish how to swim?,മീൻ കുഞ്ഞിനെ നീന്താൻ പഠിപ്പിക്കണോ (Meen kunjine neenthan padippikkano),en,ml
translate idiom to hindi: from scratch,शुरूुआत से,en,hi
"translate idiom to english: From the other shore, this shore looks green.",The grass is always greener on the other side.,en,en
translate idiom to telugu: Let bygones be bygones; don't dwell on the past.,గతం గతః (Gatham gathaha),en,te
translate idiom to english: പെറ്റ തള്ളയ്ക്ക് അറിയാം പിള്ളയുടെ വേദന (Petta thallakku ariyaam pillayude vedana),Only the person intimately involved in a situation truly understands the struggle.,ml,en
translate idiom to malayalam: To unnecessarily invite trouble into one's life.,വേലിയിൽ ഇരുന്ന പാമ്പിനെ എടുത്തു തോളിൽ വയ്ക്കുക (Veliyil irunna paambine eduthu tholil vaykuka),en,ml
"translate idiom to malayalam: in for a penny, in for a pound",ശ്വാനന്റെ വാല് പന്തീരാണ്ട് കുഴലിലിട്ടാലും വളഞ്ഞു തന്നെ (Shwanante vaalu pantheerandu kuzhalilittalum valanju thanne),en,ml
translate idiom to hindi: on edge,कगार पर,en,hi
translate idiom to telugu: Genius is not always inherited.,పండిత పుత్ర శుంఠ (Pandita putra shuntha),en,te
translate idiom to hindi: play hard to get,जान पर खेलना,en,hi
translate idiom to telugu: Biting the hand that feeds you.,ఉపకారికి అపకారం చేయడం (Upakariki apakaram cheyadam),en,te
translate idiom to malayalam: Even an elephant will fall if it takes a wrong step.,അടി തെറ്റിയാൽ ആനയും വീഴും (Adi thettiyaal aaneyum veezhum),en,ml
translate idiom to english: పాలు తాగి రొమ్ము గుద్దినట్లు (Paalu thaagi rommu gudhinatlu),Biting the hand that feeds you.,te,en
translate idiom to telugu: let bygones be bygones,గతం గతః (Gatham gathaha),en,te
translate idiom to malayalam: and all that jazz,വെള്ളത്തിൽ വരച്ച വര പോലെ (Vellathil varacha vara pole),en,ml
translate idiom to telugu: in business,వ్యాపారంలో,en,te
translate idiom to english: उँगली उठाना,To point fingers; blame someone.,hi,en
translate idiom to english: To remember one's maternal grandmother.,To find oneself in a very difficult or painful situation.,en,en
translate idiom to english: Walls have ears.,Confidential matters may be overheard.,en,en
translate idiom to telugu: Snake massaging a frog's wound.,కప్పకు పుండు వస్తే పాము తల దడిమినట్లు (Kappaku pundu vaste paamu thala dadiminatlu),en,te
translate idiom to telugu: on board,బోర్డు మీద,en,te
translate idiom to hindi: fall short,कम होना,en,hi
translate idiom to hindi: To light ghee lamps.,घी के दीये जलाना,en,hi
translate idiom to telugu: Thunder rolling and falling on the earthen pan.,ఉరుము ఉరుమి మంగలం మీద పడ్డట్టు (Urumu urumi mangalam meeda paddattu),en,te
translate idiom to malayalam: Taking the easy way out; exploiting a vulnerable person.,നനഞ്ഞെടം കുഴിക്കുക (Nananjedam kuzhikkuka),en,ml
translate idiom to hindi: White lie.,सफेद झूठ,en,hi
translate idiom to telugu: set the wheels in motion,దీపం ఉండగానే ఇల్లు చక్కబెట్టుకోవాలి (Deepam undagane illu chakkabettukovali),en,te
translate idiom to malayalam: come of age,പ്രായപൂർത്തിയാകുക,en,ml
translate idiom to english: A braying donkey ruined the grazing donkey.,Bad company corrupts good character.,en,en
translate idiom to malayalam: with a view to,പടപേടിച്ച് പന്തളത്ത് ചെന്നപ്പോൾ അവിടെ പന്തം കൊളുത്തി പട (Pada pedichu panthalathu chennappol avide pantham koluthi pada),en,ml
translate idiom to telugu: Moonlight in the forest.,అడవిలో కాచిన వెన్నెల (Adavilo kaachina vennela),en,te
translate idiom to english: വിദ്വാന് എവിടെയും സ്ഥാനം (Vidwanu evideyum sthaanam),Knowledge and talent will bring respect regardless of location.,ml,en
translate idiom to english: അനുഭവം ആണ് മഹാ ഗുരു (Anubhavam aanu mahaa guru),You learn the best lessons from your own experiences.,ml,en
translate idiom to malayalam: left and right,ഇടത്തും വലത്തും,en,ml
translate idiom to english: പാലം കടക്കുവോളം നാരായണ നാരായണ (Paalam kadakkuvolam Narayana Narayana),Acting humble and devoted only as long as you are in danger or need help.,ml,en
translate idiom to english: తాంబూలాలిచ్చేశాను తన్నుకు చావండి (Thamboolalichhesanu thannuku chavandi),Washing one's hands of all responsibility and letting others deal with the mess.,te,en
translate idiom to hindi: The thief scolds the police officer.,उल्टा चोर कोतवाल को डांटे,en,hi
translate idiom to malayalam: fight fire with fire,മുള്ളു കൊണ്ടു മുള്ളെടുക്കണം (Mullu kondu mulledukkanam),en,ml
translate idiom to english: Bread breaking and falling into ghee.,A completely unexpected stroke of good luck.,en,en
translate idiom to english: తాడి చెట్టు ఎక్కే వాడిని ఎంత వరకు ఎగదోయాలి (Thaadi chettu ekke vaadini entha varaku egadoyali),"You can only help someone so much; eventually, they must do the work themselves.",te,en
translate idiom to malayalam: have a ball,പൊന്നുരുക്കുന്നിടത്ത് പൂച്ചക്കെന്തു കാര്യം (Ponnurukkunnidathu poochakkenthu karyam),en,ml
translate idiom to hindi: To chew iron chickpeas.,लोहे के चने चबाना,en,hi
"translate idiom to malayalam: once bitten, twice shy",തിളച്ച വെള്ളത്തിൽ വീണ പൂച്ച പച്ചവെള്ളം കണ്ടാലും പേടിക്കും (Thilacha vellathil veena poocha pachavellam kandalum pedikkum),en,ml
translate idiom to malayalam: make a go of,കുരയ്ക്കുന്ന പട്ടി കടിക്കില്ല (Kuraykkunna patti kadikkilla),en,ml
translate idiom to malayalam: with a vengeance,ഒരു പ്രതികാരത്തോടെ,en,ml
translate idiom to english: വെള്ളത്തിൽ വരച്ച വര പോലെ (Vellathil varacha vara pole),Something that disappears instantly; fleeting and impermanent.,ml,en
translate idiom to telugu: Being extremely ungrateful once a favor is received.,ఏరు దాటాక బోడి మల్లన్న (Eru daataka bodi mallanna),en,te
translate idiom to hindi: make a monkey of someone,बंदर क्या जाने अदरक का,en,hi
translate idiom to telugu: Everything happens according to the will of God.,శివుని ఆజ్ఞ లేనిదే చీమైనా కుట్టదు (Shivuni aagna lenide cheemaina kuttadu),en,te
translate idiom to hindi: it takes two to tango,नौ दो ग्यारह होना,en,hi
translate idiom to english: నిండు కుండ తొణకదు (Nindu kunda thonakadu),A truly wise and knowledgeable person is calm and doesn't show off.,te,en
translate idiom to malayalam: see a man about a dog,വിദ്വാന് എവിടെയും സ്ഥാനം (Vidwanu evideyum sthaanam),en,ml
translate idiom to english: Heart blooming like a garden.,Feeling extremely happy.,en,en
translate idiom to telugu: turn someone's head,ఒకరి తల తిప్పండి,en,te
translate idiom to malayalam: pull a face,ഒരു മുഖം വലിക്കുക,en,ml
translate idiom to english: हाथ मलना,To regret.,hi,en
"translate idiom to english: If it crosses the lip, it crosses the Penna river.",A secret once spoken spreads uncontrollably and widely.,en,en
"translate idiom to malayalam: From the other shore, this shore looks green.",അക്കരെ നിന്നാൽ ഇക്കരെ പച്ച (Akkare ninnal ikkare paccha),en,ml
translate idiom to english: Even an ant values its life.,"Every living being values its own existence, no matter how small.",en,en
translate idiom to english: To apply salt and chili.,To exaggerate a story.,en,en
translate idiom to telugu: A secret once spoken spreads uncontrollably and widely.,పెదవి దాటితే పెన్న దాటుతుంది (Pedavi daatithe penna daatuthundi),en,te
translate idiom to telugu: Losing your originality while trying to imitate someone else.,"హంస నడక రాక, తన నడక మర్చిపోయినట్లు (Hamsa nadaka raaka, thana nadaka marchipoyinatlu)",en,te
translate idiom to telugu: Being in a dangerous or tricky situation.,నక్క కడుపులో నడవడం,en,te
translate idiom to hindi: on the ball,काम में तेज,en,hi
translate idiom to telugu: have a few,కొన్ని ఉన్నాయి,en,te
translate idiom to english: పేరు గొప్ప ఊరు దిబ్బ (Peru goppa ooru dibba),Famous in name but lacking in actual substance.,te,en
translate idiom to hindi: come to mind,ध्यान में आना,en,hi
translate idiom to hindi: in the short run,अल्पावधि में,en,hi
translate idiom to malayalam: state of the art,സ്റ്റേറ്റ് ഓഫ് ദി ആർട്ട്,en,ml
translate idiom to malayalam: A small fruit in an elephant's mouth.,ആന വായയിൽ അമ്പഴങ്ങ (Aana vayil ampazhanga),en,ml
translate idiom to hindi: To catch with colored hands.,रंगे हाथों पकड़ना,en,hi
translate idiom to malayalam: in the bag,ബാഗിൽ,en,ml
translate idiom to hindi: round the clock,चौबीस घंटे,en,hi
translate idiom to hindi: To suffer a humiliating defeat.,मुँह की खाना,en,hi
translate idiom to malayalam: turn someone's head,ഒരാളുടെ തല തിരിക്കുക,en,ml
translate idiom to english: പുര കത്തുമ്പോൾ വാഴ വെട്ടുക (Pura kathumbol vazha vettuka),Selfishly taking advantage of someone else's disaster.,ml,en
"translate idiom to hindi: A washerman's dog, belonging neither to the house nor the riverbank.",धोबी का कुत्ता न घर का न घाट का,en,hi
"translate idiom to english: If the king wills it, is there a shortage of beatings?",Absolute power dictates consequences effortlessly.,en,en
translate idiom to malayalam: play games,ഗെയിമുകൾ കളിക്കുക,en,ml
translate idiom to english: పిట్ట కొంచెం కూత ఘనం (Pitta koncham kootha ghanam),Small in size or status but making a big impact or loud noise.,te,en
translate idiom to hindi: To run away or flee.,रफूचक्कर होना,en,hi
translate idiom to english: తన కోపమే తన శత్రువు (Thana kopame thana shatruvu),Anger only destroys the person who is angry.,te,en
translate idiom to hindi: Cumin seed in a camel's mouth.,ऊँट के मुँह में जीरा,en,hi
translate idiom to malayalam: under fire,തീ കീഴിൽ,en,ml
translate idiom to malayalam: People naturally revert to their own base environments or habits.,അട്ടയെപ്പിടിച്ച് മെത്തയിൽ കിടത്തിയാൽ കിടക്കുമോ (Attayepidichu methayil kidathiyaal kidakkumo),en,ml
translate idiom to malayalam: To face difficulties or challenges.,വെള്ളം കയറി,en,ml
translate idiom to english: തലക്കനം വന്നാൽ തറയറിയില്ല (Thalakkanam vannal tharayariyilla),"When success goes to someone's head, they forget their humble beginnings.",ml,en
translate idiom to hindi: one and the same,एक और एक ही,en,hi
translate idiom to malayalam: Will a crow become a crane if it bathes?,കാക്ക കുളിച്ചാൽ കൊക്കാകുമോ (Kaakka kulichal kokkakumo),en,ml
translate idiom to malayalam: out of the blue,പുറത്ത്,en,ml
"translate idiom to telugu: You can only help someone so much; eventually, they must do the work themselves.",తాడి చెట్టు ఎక్కే వాడిని ఎంత వరకు ఎగదోయాలి (Thaadi chettu ekke vaadini entha varaku egadoyali),en,te
translate idiom to malayalam: between a rock and a hard place,കാക്കയ്ക്കും കോഴിക്കും കല്ല്യാണം (Kaakkakkum kozhikkum kallyaanam),en,ml
translate idiom to english: तिल का ताड़ बनाना,To make a mountain out of a molehill.,hi,en
translate idiom to english: To be completely exhausted.,To be extremely tired.,en,en
translate idiom to hindi: To encourage or praise.,पीठ थपथपाना,en,hi
translate idiom to telugu: Make hay while the sun shines; utilize opportunities while they last.,దీపం ఉండగానే ఇల్లు చక్కబెట్టుకోవాలి (Deepam undagane illu chakkabettukovali),en,te
translate idiom to english: അട്ടയെപ്പിടിച്ച് മെത്തയിൽ കിടത്തിയാൽ കിടക്കുമോ (Attayepidichu methayil kidathiyaal kidakkumo),People naturally revert to their own base environments or habits.,ml,en
translate idiom to hindi: To make a palm tree out of a sesame seed.,तिल का ताड़ बनाना,en,hi
"translate idiom to malayalam: Even if cut 100 times, a mosquito's leg remains small.",നൂറു വട്ടം അറുത്താലും കൊതുകിന്റെ കാല് (Nooru vattam aruthalum kothukinte kaalu),en,ml
"translate idiom to english: No food to eat, but boastful of high caste.","Having no actual wealth or success, but showing off false pride.",en,en
translate idiom to hindi: blow someone's mind,कान भरना,en,hi
translate idiom to telugu: A bad situation becoming worse due to an external factor.,అగ్నికి వాయువు తోడైనట్లు (Agniki vayuvu thodainatlu),en,te
translate idiom to telugu: Incomplete knowledge is worse than total ignorance.,"సగం చదువు, సగం వైద్యం ప్రమాదకరం (Sagam chaduvu, sagam vaidyam pramadaakaram)",en,te
translate idiom to hindi: in a fog,तिनके का सहारा,en,hi
translate idiom to malayalam: Will a crow fly upside down?,കാക്ക മലർന്നു പറക്കുമോ (Kaakka malarnnu parakkumo),en,ml
translate idiom to telugu: The blanket remaining exactly where it was thrown.,ఎక్కడ వేసిన గొంగళి అక్కడే ఉన్నట్లు (Ekkada vesina gongali akkade unnatlu),en,te
translate idiom to english: सांप भी मर जाए और लाठी भी न टूटे,Finding a solution that satisfies all parties without loss.,hi,en
translate idiom to malayalam: Like a line drawn on water.,വെള്ളത്തിൽ വരച്ച വര പോലെ (Vellathil varacha vara pole),en,ml
translate idiom to hindi: To remember one's maternal grandmother.,नानी याद आना,en,hi
translate idiom to english: చెట్టు మీద ఎక్కడం,To take risks or venture into unknown territory.,te,en
"translate idiom to english: The jackfruit fell, the rabbit died.",A pure coincidence mistaken for cause and effect.,en,en
translate idiom to hindi: think twice,दो बार सोचिए,en,hi
translate idiom to telugu: A huge buildup that results in a minor or pathetic outcome.,ఉరుము ఉరుమి మంగలం మీద పడ్డట్టు (Urumu urumi mangalam meeda paddattu),en,te
translate idiom to hindi: A foolish person.,अक्ल का दुश्मन,en,hi
translate idiom to english: കഴുതയ്ക്കറിയാമോ കർപ്പൂരത്തിന്റെ മണം (Kazhuthaykkariyamoo karpoorathinte manam),An uncultured person cannot appreciate the value of fine things.,ml,en
translate idiom to english: കുറുക്കന്റെ കണ്ണ് കോഴിക്കൂട്ടിൽ (Kurukkante kannu kozhikkoottil),A person with ulterior motives always focuses on their target.,ml,en
translate idiom to english: ഇരിക്കുന്ന കൊമ്പ് മുറിക്കരുത് (Irikkunna kombu murikkaruthu),Do not destroy the very thing that supports you.,ml,en
translate idiom to telugu: blood is thicker than water,"సగం చదువు, సగం వైద్యం ప్రమాదకరం (Sagam chaduvu, sagam vaidyam pramadaakaram)",en,te
translate idiom to english: A full pot doesn't spill.,A truly wise and knowledgeable person is calm and doesn't show off.,en,en
translate idiom to english: The fox's eyes are always on the chicken coop.,A person with ulterior motives always focuses on their target.,en,en
translate idiom to malayalam: no laughing matter,ഉറുമ്പിനും തന്റെ ജീവൻ വലുതാണ് (Urumbinum thante jeevan valuthaanu),en,ml
translate idiom to english: Even a snake fed with milk will bite.,A wicked person will betray you even if you treat them well.,en,en
translate idiom to malayalam: get to grips with,പിടി കിട്ടും,en,ml
translate idiom to malayalam: on the ball,പന്തിൽ,en,ml
translate idiom to english: To be saved by a hair.,To have a narrow escape.,en,en
translate idiom to malayalam: run into the sand,കണ്ണിൽ കുളിച്ചാൽ,en,ml
translate idiom to english: To pour ghee in fire.,To aggravate a situation.,en,en
translate idiom to english: నీటిలో మొసలి ఏనుగును పట్టుకుంటుంది (Neetilo mosali enugunu pattukuntundi),Everyone is powerful on their home turf.,te,en
translate idiom to english: डूबते को तिनके का सहारा,A drowning man catches at a straw.,hi,en
translate idiom to malayalam: To shed tears.,കണ്ണീരൊഴുക്കുക,en,ml
translate idiom to telugu: like peas in a pod,కుడితిలో పడ్డ ఎలుక లాగా (Kuditilo padda eluka laaga),en,te
translate idiom to english: Like a tree with its roots cut.,Completely helpless and falling.,en,en
translate idiom to english: The blanket remaining exactly where it was thrown.,Zero progress made in a task over a long period of time.,en,en
translate idiom to hindi: To risk one's life.,जान हथेली पर रखना,en,hi
"translate idiom to english: If you wash coal, will it become milk?",You cannot change someone's inherent bad nature.,en,en
translate idiom to hindi: To make blood and sweat one.,खून पसीना एक करना,en,hi
translate idiom to telugu: take a shine to,చెట్టు కింద కూర్చోవడం,en,te
translate idiom to english: आग बबूला होना,To be extremely angry.,hi,en
"translate idiom to hindi: Four days of moonlight, then dark night.",चार दिन की चाँदनी फिर अंधेरी रात,en,hi
translate idiom to hindi: To spew embers.,अंगारे उगलना,en,hi
translate idiom to hindi: behind the scenes,पर्दे के पीछे,en,hi
translate idiom to hindi: eyeball to eyeball,नज़रबंद करना,en,hi
translate idiom to telugu: at sea,సముద్రంలో,en,te
translate idiom to telugu: turn the corner,మూల మలుపు,en,te
translate idiom to telugu: fire in the belly,నక్క కడుపులో నడవడం,en,te
"translate idiom to malayalam: Just because you close your eyes, it doesn't become dark.",കണ്ണടച്ചാൽ ഇരുട്ടാവില്ല (Kannadachal iruttaavilla),en,ml
translate idiom to hindi: To be always reading.,किताबी कीड़ा होना,en,hi
translate idiom to hindi: beyond the pale,छोटा मुँह बड़ी बात,en,hi
translate idiom to english: To warm the fist.,To give a bribe.,en,en
"translate idiom to telugu: Something that is fleeting, impermanent, or useless.",నీటిలో రాతలు (Neetilo raathalu),en,te
translate idiom to telugu: to a nicety,మంచి పనికి ముద్ర వేయడం,en,te
translate idiom to telugu: power behind the throne,రాజు తలుచుకుంటే దెబ్బలకు కొదవా (Raju thaluchukunte debbalaku kodavaa),en,te
translate idiom to hindi: not cricket,फूले न समाना,en,hi
translate idiom to malayalam: To break the egg.,മുട്ടിനെ തട്ടുക,en,ml
"translate idiom to hindi: Rama in the mouth, knife in the side.",मुँह में राम बगल में छुरी,en,hi
translate idiom to telugu: Complaining about inevitable minor flaws in a situation.,గొంగళిలో తింటూ వెంట్రుకలు ఏరుకున్నట్లు (Gongalilo thintu ventrukalu eerukunnatlu),en,te
translate idiom to english: ചോദിക്കാൻ ആളില്ലെങ്കിൽ അമ്പലവാസി എന്തും ചെയ്യും (Chodikkan aalillengil ambalavaasi enthum cheyyum),"Without oversight or accountability, people will abuse their power.",ml,en
translate idiom to malayalam: Something insignificant will remain insignificant no matter what you do.,നൂറു വട്ടം അറുത്താലും കൊതുകിന്റെ കാല് (Nooru vattam aruthalum kothukinte kaalu),en,ml
translate idiom to hindi: To find oneself in a very difficult or painful situation.,नानी याद आना,en,hi
translate idiom to telugu: to say the least,కనీసం చెప్పడానికి,en,te
translate idiom to english: नज़रबंद करना,To restrict someone's freedom.,hi,en
translate idiom to english: വെളുക്കാൻ തേച്ചത് പാണ്ടായി (Velukkan thechathu paandaayi),An attempt to improve a situation made it disastrously worse.,ml,en
translate idiom to hindi: To give a bribe.,मुठ्ठी गर्म करना,en,hi
translate idiom to hindi: blood is thicker than water,एक अनार सौ बीमार,en,hi
translate idiom to english: Arrogance makes you lose touch with the ground.,"When success goes to someone's head, they forget their humble beginnings.",en,en
translate idiom to english: വാളെടുക്കുന്നവൻ വാളാൽ (Valedukkunnavan valal),Those who commit violence will eventually suffer from it.,ml,en
translate idiom to telugu: hold your own,కడుపు చించుకుంటే కాళ్ళ మీద పడుతుంది (Kadupu chinchukunte kalla meeda paduthundi),en,te
translate idiom to english: रंगे हाथों पकड़ना,To catch red-handed.,hi,en
translate idiom to english: A painted jackal.,A deceiver or hypocrite.,en,en
translate idiom to english: रातों की नींद हराम होना,To be extremely worried or anxious.,hi,en
translate idiom to telugu: know the ropes,గురువింద గింజ తన నలుపు ఎరుగదు (Guruvinda ginja thana nalupu erugadu),en,te
translate idiom to telugu: To aspire or hope for something better.,కలలు కనడం,en,te
translate idiom to malayalam: No one is completely flawless or perfect.,പുഴു തിന്നാത്ത പഴം ഇല്ല (Puzhu thinnatha pazham illa),en,ml
translate idiom to malayalam: The fragrance of a flower.,പൂവിന്റെ മണം,en,ml
translate idiom to telugu: To take risks or venture into unknown territory.,చెట్టు మీద ఎక్కడం,en,te
translate idiom to telugu: under the table,టేబుల్ కింద,en,te
translate idiom to malayalam: A win-win situation where advice perfectly matches desires.,വൈദ്യൻ കല്പിച്ചതും രോഗി ഇച്ഛിച്ചതും പാല് (Vaidyan kalpichathum rogi ichichathum paalu),en,ml
translate idiom to malayalam: go with the flow,പുഴയിൽ ഒഴുകുക,en,ml
translate idiom to telugu: behind someone's back,ఒకరి వెనుక,en,te
"translate idiom to telugu: In water, a crocodile can catch an elephant.",నీటిలో మొసలి ఏనుగును పట్టుకుంటుంది (Neetilo mosali enugunu pattukuntundi),en,te
translate idiom to malayalam: get lost,പോയ് തുലയൂ,en,ml
translate idiom to hindi: To be a beggar of the line.,लकीर का फकीर होना,en,hi
translate idiom to telugu: on the cards,కార్డులపై,en,te
translate idiom to hindi: To work incredibly hard.,खून पसीना एक करना,en,hi
translate idiom to hindi: What does a monkey know of ginger?,बंदर क्या जाने अदरक का,en,hi
translate idiom to hindi: odd one out,घर की मुर्गी दाल बराबर,en,hi
translate idiom to malayalam: for good measure,നല്ല അളവിന്,en,ml
translate idiom to malayalam: Taking a snake sitting on the fence and putting it on the shoulder.,വേലിയിൽ ഇരുന്ന പാമ്പിനെ എടുത്തു തോളിൽ വയ്ക്കുക (Veliyil irunna paambine eduthu tholil vaykuka),en,ml
"translate idiom to malayalam: Even if the head is cut, the smile won't fade.",തല പോയാലും ചിരി മാറില്ല (Thala poyalum chiri maarilla),en,ml
translate idiom to hindi: To do Shri Ganesh.,श्री गणेश करना,en,hi
translate idiom to english: Enemy of intellect.,A foolish person.,en,en
translate idiom to english: A wedding between a crow and a chicken.,"A completely chaotic, mismatched, or absurd situation.",en,en
translate idiom to telugu: A palm fruit falling on a groaning fox.,మూలిగే నక్క మీద తాటికాయ పడ్డట్టు (Moolige nakka meeda thaatikaya paddattu),en,te
translate idiom to english: പയ്യെ തിന്നാൽ പനയും തിന്നാം (Payye thinnal panayum thinnam),"With patience and perseverance, you can achieve impossible things.",ml,en
translate idiom to hindi: face to face,आमने - सामने,en,hi
translate idiom to telugu: on the up and up,ఉరుము ఉరుమి మంగలం మీద పడ్డట్టు (Urumu urumi mangalam meeda paddattu),en,te
translate idiom to telugu: down in the mouth,నోరు మంచిదైతే ఊరు మంచిదవుతుంది (Noru manchidaite ooru manchidavutundi),en,te
translate idiom to english: जख्म पर नमक छिड़कना,Adding to someone's pain.,hi,en
translate idiom to english: గుడ్డి కన్నా మెల్ల మేలు (Guddi kanna mella melu),Something is better than nothing.,te,en
translate idiom to hindi: all along,सभी के साथ,en,hi
translate idiom to english: Giving a coconut to a monkey.,Giving something valuable to someone who doesn't know how to use it.,en,en
translate idiom to hindi: close to home,छाती पर मूंग दलना,en,hi
translate idiom to malayalam: no dice,പുഴു തിന്നാത്ത പഴം ഇല്ല (Puzhu thinnatha pazham illa),en,ml
"translate idiom to english: Hunger knows no taste, sleep knows no comfort.","When completely exhausted or starving, quality doesn't matter.",en,en
translate idiom to telugu: the more the merrier,ఉన్న మాట చెబితే ఉలుకెక్కువ (Unna maata chebithe ulukekkuva),en,te
translate idiom to english: Like a wooden pestle sprouting leaves.,An absolutely impossible event.,en,en
translate idiom to hindi: ring a bell,घंटी बजाना,en,hi
translate idiom to malayalam: go straight,നേരെ മുന്നോട്ടുപോകുക,en,ml
translate idiom to english: दाल गलना,To succeed in a trick or plan.,hi,en
"translate idiom to telugu: If you wash coal, will it become milk?",బొగ్గులు కడిగితే పాలు అవుతాయా (Boggulu kadigithe paalu avuthaya),en,te
"translate idiom to malayalam: If an elephant becomes thin, can it be tied in a cowshed?",ആന മെലിഞ്ഞാൽ തൊഴുത്തിൽ കെട്ടാമോ (Aana melinjal thozhuthil kettamo),en,ml
translate idiom to english: पीठ थपथपाना,To encourage or praise.,hi,en
translate idiom to malayalam: put a sock in it,ആന മെലിഞ്ഞാൽ തൊഴുത്തിൽ കെട്ടാമോ (Aana melinjal thozhuthil kettamo),en,ml
translate idiom to telugu: Set the house in order while the lamp is burning.,దీపం ఉండగానే ఇల్లు చక్కబెట్టుకోవాలి (Deepam undagane illu chakkabettukovali),en,te
"translate idiom to telugu: A well in front, a ditch behind.","ముందు నుయ్యి, వెనుక గొయ్యి (Mundu nuyyi, venuka goyyi)",en,te
translate idiom to hindi: To poison someone's mind against another.,कान भरना,en,hi
translate idiom to english: The thief scolds the police officer.,The pot calling the kettle black.,en,en
translate idiom to english: గొంతు కట్టడం,To face a difficult situation bravely.,te,en
translate idiom to malayalam: Like an elephant entering a sugarcane field.,കരിമ്പു കാട്ടിൽ ആന കയറിയതു പോലെ (Karimbu kattil aana kayariyathu pole),en,ml
translate idiom to malayalam: One does not realize the value of eyes while having them.,കണ്ണുള്ളപ്പോൾ കണ്ണിന്റെ വില അറിയില്ല (Kannullappol kanninte vila ariyilla),en,ml
translate idiom to hindi: put paid to,नज़रबंद करना,en,hi
translate idiom to hindi: To serve one's own selfish motives.,अपना उल्लू सीधा करना,en,hi
translate idiom to malayalam: on the up and up,വേലിയിൽ ഇരുന്ന പാമ്പിനെ എടുത്തു തോളിൽ വയ്ക്കുക (Veliyil irunna paambine eduthu tholil vaykuka),en,ml
translate idiom to telugu: give something a miss,ఏకు మేకై కూర్చున్నట్లు (Eku mekai kurchunnatlu),en,te
translate idiom to english: To be swaying.,To be unstable or wavering.,en,en
translate idiom to english: ఎక్కడ వేసిన గొంగళి అక్కడే ఉన్నట్లు (Ekkada vesina gongali akkade unnatlu),Zero progress made in a task over a long period of time.,te,en
translate idiom to telugu: between a rock and a hard place,నిండు కుండ తొణకదు (Nindu kunda thonakadu),en,te
translate idiom to english: കൈ വിട്ട ആയുധം പോലെ (Kai vitta aayudham pole),Words once spoken or actions once taken cannot be reversed.,ml,en
translate idiom to telugu: go without saying,చెప్పకుండా వెళ్ళు,en,te
translate idiom to english: చెవిటి వాడి ముందు శంఖం ఊదినట్లు (Cheviti vaadi mundu shankham oodinatlu),Wasting words on someone who refuses to listen or understand.,te,en
"translate idiom to malayalam: Even to a crow, its own child is a golden child.",കാക്കയ്ക്കും തൻ കുഞ്ഞ് പൊൻകുഞ്ഞ് (Kakkakkum than kunju pon kunju),en,ml
translate idiom to english: Like catching a tiger's tail.,Being caught in a dangerous situation where you can neither hold on nor let go.,en,en
translate idiom to hindi: come of age,व्यसक होना,en,hi
translate idiom to english: കനകം മൂലം കാമിനി മൂലം (Kanakam moolam kaamini moolam),Wealth and women are the root causes of all conflicts in the world.,ml,en
translate idiom to hindi: fair and square,दूध का दूध पानी का पानी,en,hi
translate idiom to telugu: for a song,గాలిలో దీపం పెట్టి దేవుడా అన్నట్లు (Gaalilo deepam petti devuda annatlu),en,te
translate idiom to english: വേലി തന്നെ വിളവു തിന്നുക (Veli thanne vilavu thinnuka),The protector turning into the predator.,ml,en
translate idiom to telugu: get in on the ground floor,"ఆవు చేలో మేస్తే దూడ గట్టున మేస్తుందా (Aavu chelo meste, duda gattuna mestunda)",en,te
translate idiom to telugu: make head or tail of,"మింగ మెతుకు లేదు, మీసాలకు సంపెంగ నూనె (Minga methuku ledu, meesalaku sampenga nune)",en,te
translate idiom to telugu: Searching everywhere for something that is right in front of you.,చంకలో పిల్లిని పెట్టుకొని ఊరంతా వెతికినట్లు (Chankalo pillini pettukoni oorantha vethikinatlu),en,te
translate idiom to telugu: eyeball to eyeball,కాళ్ళు కట్టడం,en,te
translate idiom to telugu: Youth imparts an automatic illusion of beauty.,వయసొస్తే వంకర కర్ర కూడా అందంగా ఉంటుంది (Vayasoste vankara karra kuda andanga untundi),en,te
translate idiom to malayalam: Even a snake fed with milk will bite.,പാല് കുടിച്ച പാമ്പും കടിക്കും (Paalu kudicha paambum kadikkum),en,ml
translate idiom to telugu: without fail,తాడెత్తు ఎదిగినా బుద్ధెత్తు లేదు (Thaadetthu edigina buddhetthu ledu),en,te
translate idiom to malayalam: easy does it,അണ്ണാറക്കണ്ണനും തന്നാലായത് (Annarakkannanum thannalayathu),en,ml
translate idiom to malayalam: like a bear with a sore head,വേരറുത്ത മരം പോലെ (Verarutha maram pole),en,ml
translate idiom to malayalam: you could have knocked me down with a feather,കാക്ക കുളിച്ചാൽ കൊക്കാകുമോ (Kaakka kulichal kokkakumo),en,ml
translate idiom to english: नाच न जाने आँगन टेढ़ा,A bad workman blames his tools.,hi,en
translate idiom to english: കാക്ക മലർന്നു പറക്കുമോ (Kaakka malarnnu parakkumo),Something that is completely impossible.,ml,en
translate idiom to telugu: Horns that came later are sharper than the ears that came first.,ముందొచ్చిన చెవుల కన్నా వెనకొచ్చిన కొమ్ములు వాడి (Mundochina chevula kanna venakochina kommulu vaadi),en,te
translate idiom to english: उल्टा चोर कोतवाल को डांटे,The pot calling the kettle black.,hi,en
translate idiom to telugu: Physical growth without corresponding mental maturity.,తాడెత్తు ఎదిగినా బుద్ధెత్తు లేదు (Thaadetthu edigina buddhetthu ledu),en,te
translate idiom to telugu: Being extremely generous and giving freely.,చేతికి ఎముక లేదు (Chethiki emuka ledu),en,te
translate idiom to malayalam: Stubbornly clinging to a false or absurd claim.,താൻ പിടിച്ച മുയലിന് കൊമ്പ് മൂന്ന് (Thaan pidicha muyalinu kombu moonnu),en,ml
translate idiom to english: A straw's support.,A small help in a difficult situation.,en,en
"translate idiom to english: No grain to swallow, but jasmine oil for the mustache.",Showing off outwardly despite extreme inner poverty or lack of substance.,en,en
translate idiom to telugu: catch someone's eye,ఒకరి దృష్టిని ఆకర్షించండి,en,te
translate idiom to malayalam: Old habits die hard.,ചുട്ടയിലെ ശീലം ചുടല വരെ (Chuttayile sheelam chudala vare),en,ml
translate idiom to malayalam: by and large,വലിയതോതിൽ,en,ml
translate idiom to malayalam: Remove a thorn using another thorn.,മുള്ളു കൊണ്ടു മുള്ളെടുക്കണം (Mullu kondu mulledukkanam),en,ml
translate idiom to hindi: To rub hands.,हाथ मलना,en,hi
translate idiom to english: To become a sweet-talker from one's own mouth.,To blow one's own trumpet; self-praise.,en,en
translate idiom to telugu: think twice,ఒకటికి రెండుసార్లు ఆలోచించు,en,te
translate idiom to malayalam: before you can say knife,പയ്യെ തിന്നാൽ പനയും തിന്നാം (Payye thinnal panayum thinnam),en,ml
translate idiom to telugu: on a full stomach,నిండు కుండ తొణకదు (Nindu kunda thonakadu),en,te
translate idiom to english: ఉపకారికి అపకారం చేయడం (Upakariki apakaram cheyadam),Biting the hand that feeds you.,te,en
translate idiom to english: ఉన్న మాట చెబితే ఉలుకెక్కువ (Unna maata chebithe ulukekkuva),People get angry when confronted with the bitter truth.,te,en
translate idiom to malayalam: have kittens,കണ്ണുള്ളപ്പോൾ കണ്ണിന്റെ വില അറിയില്ല (Kannullappol kanninte vila ariyilla),en,ml
"translate idiom to english: If you eat slowly, you can even eat a palm tree.","With patience and perseverance, you can achieve impossible things.",en,en
translate idiom to hindi: To warm the fist.,मुठ्ठी गर्म करना,en,hi
translate idiom to hindi: with a vengeance,प्रतिशोध के साथ,en,hi
translate idiom to malayalam: ahead of the curve,ഓടുന്ന നായയ്ക്ക് ഒരു മുഴം മുമ്പേ (Odunna naayakku oru muzham mumpe),en,ml
translate idiom to telugu: state of the art,కళ యొక్క రాష్ట్ర,en,te
translate idiom to hindi: To speak very harshly or angrily.,अंगारे उगलना,en,hi
translate idiom to telugu: left and right,ఎడమ మరియు కుడి,en,te
translate idiom to english: रफूचक्कर होना,To run away or flee.,hi,en
translate idiom to hindi: To make sky and underworld one.,आकाश-पाताल एक करना,en,hi
translate idiom to telugu: easy as falling off a log,మసి పూసి మారేడు కాయ చేసినట్లు (Masi poosi maredu kaya chesinatlu),en,te
translate idiom to telugu: Crying over spilt milk; taking precautions when it is too late.,చేతులు కాలాక ఆకులు పట్టుకున్నట్లు (Chetulu kalaka aakulu pattukunnatlu),en,te
translate idiom to malayalam: bear fruit,ഫലം കായ്ക്കുക,en,ml
translate idiom to malayalam: donkey work,അരയ്ക്കുന്ന കല്ല് പൊടിക്കും (Araykkunna kall podikkum),en,ml
translate idiom to hindi: To make a mountain out of mustard seeds.,राई का पहाड़ बनाना,en,hi
translate idiom to hindi: To be unstable or wavering.,डाँवाडोल होना,en,hi
translate idiom to english: To keep life on the palm.,To risk one's life.,en,en
translate idiom to malayalam: Even the strongest or most experienced person can fail if they are careless.,അടി തെറ്റിയാൽ ആനയും വീഴും (Adi thettiyaal aaneyum veezhum),en,ml
translate idiom to english: दिन दूनी रात चौगुनी,To progress very rapidly.,hi,en
translate idiom to telugu: no rest for the wicked,"మింగ మెతుకు లేదు, మీసాలకు సంపెంగ నూనె (Minga methuku ledu, meesalaku sampenga nune)",en,te
translate idiom to english: Habits formed in the cradle last till the funeral pyre.,Old habits die hard.,en,en
translate idiom to malayalam: seeing is believing,മുറ്റത്തെ മുല്ലയ്ക്ക് മണമില്ല (Muttathe mullakku manamilla),en,ml
translate idiom to malayalam: green light,പച്ച വെളിച്ചം,en,ml
translate idiom to english: ఎలుకకు పిల్లి సాక్షి (Elukaku pilli sakshi),An untrustworthy or compromised witness; a conflict of interest.,te,en
translate idiom to malayalam: A pure coincidence mistaken for cause and effect.,ചക്ക വീണത് മുയൽ ചത്തത് (Chakka veenathu muyal chathathu),en,ml
translate idiom to malayalam: kick the habit,തല പോയാലും ചിരി മാറില്ല (Thala poyalum chiri maarilla),en,ml
translate idiom to english: Only those who have bitterness know the value of sweetness.,Only those who have suffered know the true value of happiness.,en,en
"translate idiom to english: If there is unity, you can sleep even on a pestle.",Any difficult situation is manageable if people stand united.,en,en
translate idiom to telugu: slow but sure,"తీయగా తీయగా రాగం, మూలగగా మూలగగా రోగం (Theeyaga theeyaga raagam, moolagaga moolagaga rogam)",en,te
translate idiom to malayalam: to the tune of,ഉപ്പു തിന്നവൻ വെള്ളം കുടിക്കും (Uppu thinnavan vellam kudikkum),en,ml
translate idiom to telugu: the grass is always greener,దూరపు కొండలు నునుపు (Doorapu kondalu nunupu),en,te
translate idiom to malayalam: Selfishly taking advantage of someone else's disaster.,പുര കത്തുമ്പോൾ വാഴ വെട്ടുക (Pura kathumbol vazha vettuka),en,ml
translate idiom to english: अक्ल का दुश्मन,A foolish person.,hi,en
translate idiom to telugu: bread and circuses,రొట్టె విరిగి నేతిలో పడ్డట్టు (Rotte virigi nethilo paddattu),en,te
translate idiom to malayalam: Something beautiful or pleasant.,പൂവിന്റെ മണം,en,ml
translate idiom to telugu: You cannot change someone's inherent bad nature.,బొగ్గులు కడిగితే పాలు అవుతాయా (Boggulu kadigithe paalu avuthaya),en,te
translate idiom to hindi: an old flame,सफेद झूठ,en,hi
"translate idiom to malayalam: With patience and perseverance, you can achieve impossible things.",പയ്യെ തിന്നാൽ പനയും തിന്നാം (Payye thinnal panayum thinnam),en,ml
translate idiom to hindi: rule of thumb,अंगूठे का नियम,en,hi
translate idiom to english: How far can you push up someone climbing a palm tree?,"You can only help someone so much; eventually, they must do the work themselves.",en,en
translate idiom to malayalam: when push comes to shove,തലക്കനം വന്നാൽ തറയറിയില്ല (Thalakkanam vannal tharayariyilla),en,ml
translate idiom to hindi: by the by,उल्टा चोर कोतवाल को डांटे,en,hi
translate idiom to english: പല തുള്ളി പെരുവെള്ളം (Pala thulli peru vellam),Little contributions add up to a massive result.,ml,en
translate idiom to malayalam: on edge,അരികിൽ,en,ml
"translate idiom to hindi: Fell from the sky, got stuck in a date tree.",आसमान से गिरा खजूर में अटका,en,hi
translate idiom to english: കണ്ടതറിയാത്തവൻ കൊണ്ടതറിയും (Kandathariyathavan kondathariyum),"Some people only learn their lesson the hard way, through painful experience.",ml,en
translate idiom to english: छाती पर मूंग दलना,To deliberately annoy someone while staying close to them.,hi,en
translate idiom to english: Unreachable grapes are sour.,Disparaging what you cannot achieve; sour grapes.,en,en
translate idiom to english: Eating chickpeas while blowing a conch.,Trying to do two incompatible things at once and failing at both.,en,en
translate idiom to malayalam: The silent cat breaks the pot.,മിണ്ടാപ്പൂച്ച കലം ഉ‌ടയ്ക്കും (Minda poocha kalam udaikkum),en,ml
translate idiom to english: To put in place.,To eliminate someone.,en,en
translate idiom to telugu: To hit the son-in-law.,అల్లుడు కొట్టడం,en,te
translate idiom to english: Moonlight in the forest.,Wasted effort or beauty that goes unappreciated.,en,en
translate idiom to malayalam: Those who commit violence will eventually suffer from it.,വാളെടുക്കുന്നവൻ വാളാൽ (Valedukkunnavan valal),en,ml
translate idiom to telugu: Something is better than nothing.,గుడ్డి కన్నా మెల్ల మేలు (Guddi kanna mella melu),en,te
translate idiom to english: The rabbit I caught has three horns.,Stubbornly clinging to a false or absurd claim.,en,en
translate idiom to malayalam: It takes one to know one; people of similar nature understand each other.,പാമ്പിന്റെ കാല് പാമ്പറിയും (Paambinte kaalu paambariyum),en,ml
"translate idiom to telugu: Practice makes perfect, but constant complaining breeds negativity.","తీయగా తీయగా రాగం, మూలగగా మూలగగా రోగం (Theeyaga theeyaga raagam, moolagaga moolagaga rogam)",en,te
translate idiom to english: Chankaran is the perfect match for Chakki.,"Made for each other, usually used for two similarly flawed people.",en,en
translate idiom to telugu: Bread breaking and falling into ghee.,రొట్టె విరిగి నేతిలో పడ్డట్టు (Rotte virigi nethilo paddattu),en,te
translate idiom to malayalam: feast or famine,പൂവിന്റെ മണം,en,ml
translate idiom to malayalam: do the trick,തന്ത്രം ചെയ്യുക,en,ml
translate idiom to telugu: in the blink of an eye,మింగలేక కక్కలేక (Mingaleeka kakkaleeka),en,te
translate idiom to english: Tearing your own stomach drops things on your feet.,Washing dirty linen in public only brings shame to your own family.,en,en
translate idiom to english: Even an elephant will fall if it takes a wrong step.,Even the strongest or most experienced person can fail if they are careless.,en,en
translate idiom to hindi: Sprinkling salt on wounds.,जख्म पर नमक छिड़कना,en,hi
translate idiom to english: कान भरना,To poison someone's mind against another.,hi,en
translate idiom to english: जान हथेली पर रखना,To risk one's life.,hi,en
translate idiom to telugu: Everyone is powerful on their home turf.,నీటిలో మొసలి ఏనుగును పట్టుకుంటుంది (Neetilo mosali enugunu pattukuntundi),en,te
translate idiom to english: గాలిలో దీపం పెట్టి దేవుడా అన్నట్లు (Gaalilo deepam petti devuda annatlu),Acting carelessly and hoping for a miracle.,te,en
translate idiom to hindi: catch fire,रंगे हाथों पकड़ना,en,hi
translate idiom to telugu: under the sun,సూర్యుని క్రింద,en,te
translate idiom to malayalam: To flow in the river.,പുഴയിൽ ഒഴുകുക,en,ml
translate idiom to hindi: To grind lentils on someone's chest.,छाती पर मूंग दलना,en,hi
translate idiom to hindi: point the finger,उंगली दिखाओ,en,hi
translate idiom to english: बंदर क्या जाने अदरक का,Someone is unaware of the value or significance of something.,hi,en
translate idiom to telugu: Speaking the truth causes more irritation.,ఉన్న మాట చెబితే ఉలుకెక్కువ (Unna maata chebithe ulukekkuva),en,te
translate idiom to malayalam: Acting humble and devoted only as long as you are in danger or need help.,പാലം കടക്കുവോളം നാരായണ നാരായണ (Paalam kadakkuvolam Narayana Narayana),en,ml
translate idiom to hindi: to all intents and purposes,हाथ-पाँव मारना,en,hi
translate idiom to malayalam: strike while the iron is hot,പുര കത്തുമ്പോൾ വാഴ വെട്ടുക (Pura kathumbol vazha vettuka),en,ml
translate idiom to telugu: To blame someone for problems they didn't cause.,అల్లుడు కొట్టడం,en,te
translate idiom to telugu: Resolving a conflict safely without causing harm to either side.,"పాము చావకూడదు, కర్ర విరగకూడదు (Paamu chavakudadu, karra viragakudadu)",en,te
translate idiom to hindi: green light,हरी बत्ती,en,hi
translate idiom to hindi: To steal something or show sleight of hand.,हाथ साफ करना,en,hi
translate idiom to english: To see dreams.,To aspire or hope for something better.,en,en
translate idiom to english: శివుని ఆజ్ఞ లేనిదే చీమైనా కుట్టదు (Shivuni aagna lenide cheemaina kuttadu),Everything happens according to the will of God.,te,en
translate idiom to english: గురువింద గింజ తన నలుపు ఎరుగదు (Guruvinda ginja thana nalupu erugadu),A person ignoring their own faults while criticizing others.,te,en
"translate idiom to english: Monday for a needle, Tuesday for thread.",Extreme laziness or procrastination.,en,en
translate idiom to hindi: on board,सवार,en,hi
translate idiom to english: അക്കരെ നിൽക്കുമ്പോൾ ഇക്കരെ പച്ച (Akkare nilkkumpol ikkare pacha),The grass is always greener on the other side.,ml,en
translate idiom to hindi: A nine days' wonder; short-lived happiness.,चार दिन की चाँदनी फिर अंधेरी रात,en,hi
translate idiom to hindi: Out of one trouble and into another.,आसमान से गिरा खजूर में अटका,en,hi
translate idiom to malayalam: There is no god greater than the mother.,മാതാവിനേക്കാൾ വലിയ ദൈവമില്ല (Maathavinekkaal valiya daivamilla),en,ml
translate idiom to hindi: To extract skin from hair.,बाल की खाल निकालना,en,hi
translate idiom to hindi: Getting something valuable without the necessary qualifications.,अंधे के हाथ बटेर लगना,en,hi
translate idiom to telugu: out of pocket,జేబులోంచి,en,te
translate idiom to english: Sitting under a tree.,To take shelter or rest.,en,en
translate idiom to hindi: on the cards,पत्ते पर,en,hi
translate idiom to english: Find the joint and apply the brand.,Speak or act precisely where it hurts or matters the most.,en,en
translate idiom to malayalam: in light of,വെളിച്ചത്തിൽ,en,ml
translate idiom to malayalam: at the end of the day,ദിവസാവസാനം,en,ml
translate idiom to english: Life coming from the head to the tail.,Facing extreme hardship or fear.,en,en
translate idiom to malayalam: with a will,കാക്ക കുളിച്ചാൽ കൊക്കാകുമോ (Kaakka kulichal kokkakumo),en,ml
translate idiom to malayalam: Sit first before stretching your legs.,ഇരുന്നിട്ടു വേണം കാലു നീട്ടാൻ (Irunnittu venam kaalu neettan),en,ml
translate idiom to malayalam: Completely helpless and falling.,വേരറുത്ത മരം പോലെ (Verarutha maram pole),en,ml
translate idiom to telugu: all along,అన్ని వెంట,en,te
translate idiom to telugu: drink like a fish,రోకలికి చిగురు పుట్టినట్లు (Rokaliki chiguru puttinatlu),en,te
translate idiom to english: గోరంత దాన్ని కొండంత చేయడం (Goranta daanni kondanta cheyadam),Making a mountain out of a molehill; exaggerating a small issue.,te,en
translate idiom to telugu: on a roll,మూలిగే నక్క మీద తాటికాయ పడ్డట్టు (Moolige nakka meeda thaatikaya paddattu),en,te
translate idiom to telugu: Doing harm to the benefactor.,ఉపకారికి అపకారం చేయడం (Upakariki apakaram cheyadam),en,te
translate idiom to hindi: throw in the towel,आँखों में धूल झोंकना,en,hi
translate idiom to english: Through gold and through a woman.,Wealth and women are the root causes of all conflicts in the world.,en,en
translate idiom to hindi: make a mountain out of a molehill,तिल का ताड़ बनाना,en,hi
translate idiom to english: A cat that fell in boiling water will fear even cold water.,"Once bitten, twice shy.",en,en
translate idiom to malayalam: lock the stable door after the horse has bolted,താൻ പിടിച്ച മുയലിന് കൊമ്പ് മൂന്ന് (Thaan pidicha muyalinu kombu moonnu),en,ml
translate idiom to hindi: do a bunk,लोहे के चने चबाना,en,hi
translate idiom to hindi: Sleep of nights becoming forbidden.,रातों की नींद हराम होना,en,hi
translate idiom to telugu: throw good money after bad,కూసే గాడిద మేసే గాడిదని చెడగొట్టినట్లు (Koose gaadida mese gaadidani chedagottinatlu),en,te
translate idiom to malayalam: in the can,ആശാന് അടുപ്പിലും ആവാം (Aashaanu aduppilum aavam),en,ml
translate idiom to telugu: A blind ox falling into a cornfield.,గుడ్డి ఎద్దు జొన్న చేలో పడ్డట్టు (Guddi eddu jonna chelo paddattu),en,te
translate idiom to malayalam: from scratch,വാളെടുക്കുന്നവൻ വാളാൽ (Valedukkunnavan valal),en,ml
translate idiom to malayalam: close call,കണ്ണിൽ കുളിച്ചാൽ,en,ml
translate idiom to english: To be out of oneself.,To lose control due to anger.,en,en
translate idiom to english: മുട്ടിനെ തട്ടുക,To take a bold step or risk.,ml,en
translate idiom to malayalam: out of the question,ചോദ്യത്തിന് പുറത്ത്,en,ml
translate idiom to hindi: blow your own trumpet,अपने मुँह मियाँ मिट्ठू बनना,en,hi
"translate idiom to malayalam: You must put in the effort, and God will take care of the rest.",താൻ പാതി ദൈവം പാതി (Thaan paathi daivam paathi),en,ml
translate idiom to telugu: To face a difficult situation bravely.,గొంతు కట్టడం,en,te
translate idiom to english: To be the moon of Eid.,To be rarely seen.,en,en
translate idiom to english: अंगारे उगलना,To speak very harshly or angrily.,hi,en
translate idiom to english: किताबी कीड़ा होना,To be always reading.,hi,en
translate idiom to malayalam: Fight fire with fire; use a bad thing to cure another bad thing.,മുള്ളു കൊണ്ടു മുള്ളെടുക്കണം (Mullu kondu mulledukkanam),en,ml
translate idiom to malayalam: Sail according to the wind.,കാറ്റിനൊത്ത് പായ വിരിക്കുക (Kaattinothu paaya virikkuka),en,ml
translate idiom to english: A dog's tail is crooked.,Old habits die hard; a person's basic nature cannot be changed easily.,en,en
translate idiom to hindi: To tighten the belt.,कमर कसना,en,hi
translate idiom to hindi: To regret.,हाथ मलना,en,hi
translate idiom to hindi: out of pocket,अपनी जेब से दिया गया,en,hi
translate idiom to hindi: under fire,आग के तहत,en,hi
translate idiom to english: A home-cooked chicken is equal to lentils.,Familiarity breeds contempt; undervaluing what one has.,en,en
translate idiom to telugu: in someone's pocket,ఒకరి జేబులో,en,te
translate idiom to hindi: at a canter,डूबते को तिनके का सहारा,en,hi
translate idiom to hindi: To put under house arrest.,नज़रबंद करना,en,hi
translate idiom to english: Sit first before stretching your legs.,Secure your position before demanding more or acting arrogant.,en,en
translate idiom to hindi: Something black in the lentils.,दाल में काला होना,en,hi
translate idiom to english: एक अनार सौ बीमार,Demand is much higher than supply.,hi,en
translate idiom to telugu: Betraying someone slowly and sweetly from the inside.,తడి గుడ్డతో గొంతు కోయడం (Thadi guddatho gonthu koyadam),en,te
translate idiom to hindi: at the end of the day,आखिरकार दिन के अंत में,en,hi
translate idiom to hindi: Finding a solution that satisfies all parties without loss.,सांप भी मर जाए और लाठी भी न टूटे,en,hi
translate idiom to malayalam: Consistent hard work will eventually yield results.,അരയ്ക്കുന്ന കല്ല് പൊടിക്കും (Araykkunna kall podikkum),en,ml
translate idiom to telugu: by no stretch of the imagination,చెట్టు పేరు చెప్పి కాయలు అమ్మినట్లు (Chettu peru cheppi kayalu amminatlu),en,te
translate idiom to telugu: come to a head,ఒక తల వస్తాయి,en,te
translate idiom to english: Snake massaging a frog's wound.,Hypocritical help from an enemy who actually intends to harm you.,en,en
translate idiom to malayalam: The progress of the great will not be stopped by the criticism of the insignificant.,പട്ടി കുരച്ചാൽ പല്ലക്ക് നിൽക്കുമോ (Patti kurachal pallakku nilkkumo),en,ml
translate idiom to hindi: To express deep or vast meaning in a few words.,गागर में सागर भरना,en,hi
translate idiom to telugu: How far can you push up someone climbing a palm tree?,తాడి చెట్టు ఎక్కే వాడిని ఎంత వరకు ఎగదోయాలి (Thaadi chettu ekke vaadini entha varaku egadoyali),en,te
translate idiom to malayalam: Secure your position before demanding more or acting arrogant.,ഇരുന്നിട്ടു വേണം കാലു നീട്ടാൻ (Irunnittu venam kaalu neettan),en,ml
translate idiom to english: A new beggar doesn't know the time of day.,A novice lacks a sense of timing or etiquette in their new role.,en,en
translate idiom to hindi: in the black,दाल में काला होना,en,hi
translate idiom to telugu: A person who is stuck in a messy situation and cannot escape.,రొంపిలో పడ్డ పంది లాగా (Rompilo padda pandi laaga),en,te
"translate idiom to malayalam: He who doesn't learn by seeing, learns by getting hit.",കണ്ടതറിയാത്തവൻ കൊണ്ടതറിയും (Kandathariyathavan kondathariyum),en,ml
translate idiom to english: Something black in the lentils.,Something is fishy.,en,en
translate idiom to english: The whitewash coming off.,A secret being revealed.,en,en
translate idiom to hindi: To hit an axe on one's own foot.,अपने पैर पर कुल्हाड़ी मारना,en,hi
translate idiom to hindi: fit to be tied,थक कर चूर होना,en,hi
translate idiom to telugu: Something insignificant becoming a huge nuisance or threat over time.,ఏకు మేకై కూర్చున్నట్లు (Eku mekai kurchunnatlu),en,te
translate idiom to hindi: To assess a situation before acting.,हवा का रुख देखना,en,hi
translate idiom to english: അടി തെറ്റിയാൽ ആനയും വീഴും (Adi thettiyaal aaneyum veezhum),Even the strongest or most experienced person can fail if they are careless.,ml,en
translate idiom to telugu: Being stuck in a messy dilemma unable to get out.,కుడితిలో పడ్డ ఎలుక లాగా (Kuditilo padda eluka laaga),en,te
translate idiom to english: The past is past.,Let bygones be bygones; don't dwell on the past.,en,en
translate idiom to telugu: add insult to injury,పుండు మీద కారం చల్లినట్లు (Pundu meeda kaaram challinatlu),en,te
translate idiom to malayalam: follow suit,പിന്തുടരുക,en,ml
translate idiom to hindi: To play a flute in front of a buffalo.,भैंस के आगे बीन बजाना,en,hi
translate idiom to telugu: have someone by the short and curlies,తడి గుడ్డతో గొంతు కోయడం (Thadi guddatho gonthu koyadam),en,te
translate idiom to hindi: go hand in hand,हाथों में हाथ मिलाना,en,hi
translate idiom to hindi: A sudden major disaster or tragedy.,पहाड़ टूट पड़ना,en,hi
translate idiom to english: कमर कसना,To get ready for a difficult task.,hi,en
translate idiom to telugu: ask for the moon,ఏ ఎండకు ఆ గొడుగు (Ye endaku aa godugu),en,te
translate idiom to english: दाँत खट्टे करना,To defeat completely.,hi,en
translate idiom to english: നനഞ്ഞെടം കുഴിക്കുക (Nananjedam kuzhikkuka),Taking the easy way out; exploiting a vulnerable person.,ml,en
translate idiom to malayalam: have words,കൈ വിട്ട ആയുധം പോലെ (Kai vitta aayudham pole),en,ml
translate idiom to malayalam: tell it like it is,ഉള്ളതുകൊണ്ട് ഓണം പോലെ (Ullathukondu onam pole),en,ml
translate idiom to english: ఉరుము ఉరుమి మంగలం మీద పడ్డట్టు (Urumu urumi mangalam meeda paddattu),A huge buildup that results in a minor or pathetic outcome.,te,en
translate idiom to hindi: To run away or escape.,नौ दो ग्यारह होना,en,hi
translate idiom to malayalam: in the altogether,കണ്ണിൽ കുളിക്കുക,en,ml
translate idiom to hindi: To be a bookworm.,किताबी कीड़ा होना,en,hi
translate idiom to hindi: Feeling extremely happy.,दिल बाग-बाग होना,en,hi
translate idiom to telugu: To take shelter or rest.,చెట్టు కింద కూర్చోవడం,en,te
translate idiom to malayalam: from the horse's mouth,അക്കരെ നിന്നാൽ ഇക്കരെ പച്ച (Akkare ninnal ikkare paccha),en,ml
translate idiom to malayalam: in the club,ക്ലബ്ബിൽ,en,ml
translate idiom to english: എലിയെ പേടിച്ച് ഇല്ലം ചുടുക (Eliye pedichu illam chuduka),Taking an extreme or destructive measure to solve a small problem.,ml,en
translate idiom to english: To pour oil into a burning fire.,To make a bad situation worse; adding fuel to the fire.,en,en
translate idiom to telugu: in the short run,స్వల్పకాలంలో,en,te
translate idiom to english: Remove a thorn using another thorn.,Fight fire with fire; use a bad thing to cure another bad thing.,en,en
translate idiom to english: गागर में सागर भरना,To express deep or vast meaning in a few words.,hi,en
translate idiom to english: A snake rolling on the liver.,To burn with jealousy.,en,en
translate idiom to hindi: brownie point,उँगली उठाना,en,hi
translate idiom to hindi: on the back of,की पीठ पर,en,hi
translate idiom to malayalam: fit to be tied,കണ്ടു കേൾക്കുക,en,ml
translate idiom to english: An attempt to beautify resulted in vitiligo.,An attempt to improve a situation made it disastrously worse.,en,en
translate idiom to english: टेढ़ी खीर,A very difficult task.,hi,en
translate idiom to english: A coconut fell on the head of a dog that was already about to howl.,Providing a ready excuse for someone who was already looking for a reason to complain.,en,en
translate idiom to malayalam: get the better of,മെച്ചപ്പെടുക,en,ml
translate idiom to hindi: Enemy of intellect.,अक्ल का दुश्मन,en,hi
translate idiom to telugu: Adapting to situations for personal benefit; being an opportunist.,ఏ ఎండకు ఆ గొడుగు (Ye endaku aa godugu),en,te
"translate idiom to english: చేతిలో చిల్లిగవ్వ లేదు, చంకలో జమిందారీ (Chethilo chilligavva ledu, chankalo jamindaari)",Being broke but putting on wealthy airs.,te,en
translate idiom to malayalam: under the sun,സൂര്യനു കീഴിൽ,en,ml
translate idiom to hindi: as a rule,यथाविधि,en,hi
translate idiom to telugu: be left holding the baby,చేతులు కాలాక ఆకులు పట్టుకున్నట్లు (Chetulu kalaka aakulu pattukunnatlu),en,te
translate idiom to telugu: out on a limb,అత్త మీద కోపం దుత్త మీద చూపినట్లు (Attha meeda kopam duttha meeda chupinatlu),en,te
translate idiom to hindi: to a nicety,आग में घी डालना,en,hi
translate idiom to telugu: in the bag,సంచిలో,en,te
translate idiom to english: A cat standing as witness for a rat.,An untrustworthy or compromised witness; a conflict of interest.,en,en
translate idiom to telugu: Facing extreme hardship or fear.,తల ప్రాణం తోకకు వచ్చినట్లు (Thala pranam thokaku vachinatlu),en,te
translate idiom to telugu: Small in size or status but making a big impact or loud noise.,పిట్ట కొంచెం కూత ఘనం (Pitta koncham kootha ghanam),en,te
translate idiom to malayalam: Do not cut a banana tree with a stick.,വടിയെടുത്തു വാഴ വെട്ടരുത് (Vadiyeduthu vazha vettaruthu),en,ml
translate idiom to hindi: behind bars,सलाखों के पीछे,en,hi
translate idiom to malayalam: make hay,കാറ്റുളളപ്പോൾ പാറ്റണം (Kattullappol pattanam),en,ml
translate idiom to malayalam: know the ropes,കൈപ്പുള്ളവനേ മധുരത്തിന്റെ വിലയറിയൂ (Kaippullavane madhurathinte vilayariyu),en,ml
translate idiom to hindi: To celebrate a great victory or joy.,घी के दीये जलाना,en,hi
translate idiom to telugu: on the back of,వెనుకవైపు,en,te
translate idiom to hindi: To fill ears.,कान भरना,en,hi
translate idiom to english: చేతులు కాలాక ఆకులు పట్టుకున్నట్లు (Chetulu kalaka aakulu pattukunnatlu),Crying over spilt milk; taking precautions when it is too late.,te,en
translate idiom to english: लाल पीला होना,To be furious.,hi,en
translate idiom to telugu: To acknowledge or validate good work.,మంచి పనికి ముద్ర వేయడం,en,te
translate idiom to telugu: under a cloud,చెట్టు కింద కూర్చోవడం,en,te
translate idiom to telugu: birds of a feather,ఎలుకకు పిల్లి సాక్షి (Elukaku pilli sakshi),en,te
translate idiom to telugu: go hand in hand,చేయి చేయి వేయండి,en,te
"translate idiom to english: If a mean person gets wealth, he will hold an umbrella at midnight.","When an undeserving person gets sudden wealth, they show off foolishly.",en,en
translate idiom to malayalam: To express deep sorrow or emotion.,കണ്ണീരൊഴുക്കുക,en,ml
translate idiom to malayalam: Deep-rooted bad habits cannot be eradicated easily.,ചുട്ടു തിന്നാലും വാസന പോവില്ല (Chuttu thinnalum vaasana povilla),en,ml
translate idiom to english: आँखों में धूल झोंकना,To deceive someone.,hi,en
translate idiom to english: Only the mother who gave birth knows the child's pain.,Only the person intimately involved in a situation truly understands the struggle.,en,en
"translate idiom to telugu: No grain to swallow, but jasmine oil for the mustache.","మింగ మెతుకు లేదు, మీసాలకు సంపెంగ నూనె (Minga methuku ledu, meesalaku sampenga nune)",en,te
translate idiom to telugu: take stock,స్టాక్ తీసుకోండి,en,te
translate idiom to hindi: To do a very difficult task.,लोहे के चने चबाना,en,hi
translate idiom to malayalam: Only the person intimately involved in a situation truly understands the struggle.,പെറ്റ തള്ളയ്ക്ക് അറിയാം പിള്ളയുടെ വേദന (Petta thallakku ariyaam pillayude vedana),en,ml
translate idiom to telugu: Holding leaves after the hands are burnt.,చేతులు కాలాక ఆకులు పట్టుకున్నట్లు (Chetulu kalaka aakulu pattukunnatlu),en,te
"translate idiom to malayalam: Once bitten, twice shy.",തിളച്ച വെള്ളത്തിൽ വീണ പൂച്ച പച്ചവെള്ളം കണ്ടാലും പേടിക്കും (Thilacha vellathil veena poocha pachavellam kandalum pedikkum),en,ml
translate idiom to telugu: An absolutely impossible event.,రోకలికి చిగురు పుట్టినట్లు (Rokaliki chiguru puttinatlu),en,te
translate idiom to telugu: Colors aren't known until night falls.,రాత్రి అయితే గానీ రంగులు తెలియవు (Rathri ayithe gaani rangulu theliyavu),en,te
translate idiom to telugu: face to face,గొంతు కట్టడం,en,te
"translate idiom to telugu: Great name, but the town is a dump.",పేరు గొప్ప ఊరు దిబ్బ (Peru goppa ooru dibba),en,te
translate idiom to malayalam: easy on the eye,നനഞ്ഞെടം കുഴിക്കുക (Nananjedam kuzhikkuka),en,ml
translate idiom to telugu: Trying to do two incompatible things at once and failing at both.,శనగలు తింటూ శంఖం ఊదినట్లు (Sanagalu thintu shankham oodinatlu),en,te
translate idiom to english: തിളച്ച വെള്ളത്തിൽ വീണ പൂച്ച പച്ചവെള്ളം കണ്ടാലും പേടിക്കും (Thilacha vellathil veena poocha pachavellam kandalum pedikkum),"Once bitten, twice shy.",ml,en
translate idiom to malayalam: in the long term,ദീർഘകാലാടിസ്ഥാനത്തിൽ,en,ml
translate idiom to telugu: Being two-faced or hypocritical.,నోటితో నవ్వి నొసటితో వెక్కిరించినట్లు (Notitho navvi nosatitho vekkirinchinatlu),en,te
"translate idiom to english: Timber from the forest, elephant belongs to the Lord.",Carelessly spending or destroying property that belongs to someone else.,en,en
translate idiom to hindi: A very difficult task.,टेढ़ी खीर,en,hi
translate idiom to hindi: To be the apple of someone's eye; very dear.,आँख का तारा होना,en,hi
translate idiom to english: घी के दीये जलाना,To celebrate a great victory or joy.,hi,en
translate idiom to english: కప్పకు పుండు వస్తే పాము తల దడిమినట్లు (Kappaku pundu vaste paamu thala dadiminatlu),Hypocritical help from an enemy who actually intends to harm you.,te,en
translate idiom to english: అందని ద్రాక్ష పండ్లు పుల్లన (Andani draksha pandlu pullana),Disparaging what you cannot achieve; sour grapes.,te,en
translate idiom to malayalam: off the hook,ഹുക്ക് ഓഫ്,en,ml
translate idiom to english: Putting them aside.,Ignoring distractions or irrelevant matters.,en,en
translate idiom to telugu: out of the blue,నీలం నుండి,en,te
translate idiom to malayalam: Things look green on this shore from the other shore.,അക്കരെ നിൽക്കുമ്പോൾ ഇക്കരെ പച്ച (Akkare nilkkumpol ikkare pacha),en,ml
translate idiom to telugu: beg the question,ప్రశ్న అడగండి,en,te
translate idiom to hindi: catch someone's eye,किसी की नजर लगना,en,hi
translate idiom to hindi: To deliberately annoy someone while staying close to them.,छाती पर मूंग दलना,en,hi
translate idiom to english: പുഴു തിന്നാത്ത പഴം ഇല്ല (Puzhu thinnatha pazham illa),No one is completely flawless or perfect.,ml,en
"translate idiom to english: Great name, but the town is a dump.",Famous in name but lacking in actual substance.,en,en
translate idiom to telugu: Giving something valuable to someone who doesn't know how to use it.,కోతికి కొబ్బరికాయ ఇచ్చినట్లు (Kothiki kobbarikaya ichinatlu),en,te
translate idiom to english: Bringing a dog and making it sit on a throne.,"Elevating an undeserving, ill-mannered person to a high position.",en,en
"translate idiom to english: Small mouth, big talk.",Talking beyond one's status.,en,en
"translate idiom to malayalam: If there is paddy in the granary, rats will come even from Wayanad.",പത്തായത്തിൽ നെല്ലുണ്ടെങ്കിൽ എലി വയനാട്ടിൽ നിന്നും വരും (Pathayathil nellundengil eli wayanattil ninnum varum),en,ml
translate idiom to hindi: once and for all,हमेशा के लिये,en,hi
translate idiom to malayalam: Something that is unlikely to happen.,ആകാശത്ത് താറാവ് പറന്നാൽ,en,ml
translate idiom to malayalam: carry the can,മിണ്ടാപ്പൂച്ച കലം ഉ‌ടയ്ക്കും (Minda poocha kalam udaikkum),en,ml
translate idiom to telugu: Writings on water.,నీటిలో రాతలు (Neetilo raathalu),en,te
translate idiom to english: A blind ox falling into a cornfield.,Doing things haphazardly and blindly ruining everything without direction.,en,en
translate idiom to telugu: Old habits die hard; a person's basic nature cannot be changed easily.,కుక్క తోక వంకర (Kukka thoka vankara),en,te
translate idiom to english: If a bird flies in the sky.,Something that is unlikely to happen.,en,en
translate idiom to malayalam: Carelessly spending or destroying property that belongs to someone else.,കാട്ടിലെ തടി തേവരുടെ ആന (Kaattile thadi thevarude aana),en,ml
translate idiom to english: రాజు తలుచుకుంటే దెబ్బలకు కొదవా (Raju thaluchukunte debbalaku kodavaa),Absolute power dictates consequences effortlessly.,te,en
"translate idiom to malayalam: Karma; if you plot against others, you will ruin yourself.",താൻ കുഴിച്ച കുഴിയിൽ താൻ തന്നെ വീഴും (Thaan kuzhicha kuzhiyil thaan thanne veezhum),en,ml
translate idiom to malayalam: To make a bad situation worse; adding fuel to the fire.,എരിയുന്ന തീയിൽ എണ്ണ ഒഴിക്കുക (Eriyunna theeyil enna ozhikkuka),en,ml
translate idiom to english: Carrying a cat in the armpit while going to a wedding.,Carrying unnecessary trouble to an auspicious or good event.,en,en
"translate idiom to english: Even if the head is cut, the smile won't fade.",A deeply ingrained habit or characteristic persists until the very end.,en,en
translate idiom to malayalam: What is a bathing step to a water hen?,കുളക്കോഴിക്ക് എന്ത് കുളിക്കടവ് (Kulakkozhikku enthu kulikkadavu),en,ml
translate idiom to english: ആശാന് അടുപ്പിലും ആവാം (Aashaanu aduppilum aavam),Experts or masters are granted exceptions to the rules.,ml,en
translate idiom to malayalam: to say the least,ഏറ്റവും കുറഞ്ഞത് പറയാൻ,en,ml
translate idiom to telugu: on the face of it,దాని ముఖం మీద,en,te
translate idiom to telugu: speak of the devil,కీలెరిగి వాత పెట్టాలి (Keelerigi vatha pettali),en,te
translate idiom to hindi: To exaggerate a story.,नमक मिर्च लगाना,en,hi
translate idiom to english: जान पर खेलना,To take a massive risk.,hi,en
translate idiom to english: రాత్రి అయితే గానీ రంగులు తెలియవు (Rathri ayithe gaani rangulu theliyavu),True colors or difficulties are only revealed during tough times.,te,en
"translate idiom to english: Milk to milk, water to water.",Absolute and fair justice.,en,en
translate idiom to hindi: To be the star of the eye.,आँख का तारा होना,en,hi
translate idiom to malayalam: bell the cat,മിണ്ടാപ്പൂച്ച കലം ഉ‌ടയ്ക്കും (Minda poocha kalam udaikkum),en,ml
translate idiom to malayalam: game on,കളി,en,ml
translate idiom to malayalam: over the top,മുകളിൽ,en,ml
"translate idiom to english: A well in front, a ditch behind.",Caught between the devil and the deep blue sea.,en,en
translate idiom to malayalam: on the nose,മൂക്കിൽ,en,ml
translate idiom to telugu: make history,చరిత్ర సృష్టిస్తాయి,en,te
translate idiom to english: आस्तीन का साँप,A hidden enemy or traitor.,hi,en
"translate idiom to english: పాము చావకూడదు, కర్ర విరగకూడదు (Paamu chavakudadu, karra viragakudadu)",Resolving a conflict safely without causing harm to either side.,te,en
translate idiom to malayalam: on the back of,പുറകിൽ,en,ml
translate idiom to english: తల ప్రాణం తోకకు వచ్చినట్లు (Thala pranam thokaku vachinatlu),Facing extreme hardship or fear.,te,en
translate idiom to telugu: in the long run,దీర్ఘకాలంలో,en,te
translate idiom to english: To hit the son-in-law.,To blame someone for problems they didn't cause.,en,en
translate idiom to english: మూలిగే నక్క మీద తాటికాయ పడ్డట్టు (Moolige nakka meeda thaatikaya paddattu),A sudden disaster striking someone already suffering.,te,en
translate idiom to telugu: anything goes,అడవిలో కాచిన వెన్నెల (Adavilo kaachina vennela),en,te
translate idiom to english: మంచి పనికి ముద్ర వేయడం,To acknowledge or validate good work.,te,en
translate idiom to english: Sail according to the wind.,Adapt your actions according to the changing circumstances.,en,en
"translate idiom to telugu: If it crosses the lip, it crosses the Penna river.",పెదవి దాటితే పెన్న దాటుతుంది (Pedavi daatithe penna daatuthundi),en,te
translate idiom to telugu: Green chilies.,పచ్చి మిరపకాయలు,en,te
translate idiom to malayalam: come in from the cold,പത്തായത്തിൽ നെല്ലുണ്ടെങ്കിൽ എലി വയനാട്ടിൽ നിന്നും വരും (Pathayathil nellundengil eli wayanattil ninnum varum),en,ml
translate idiom to english: బొగ్గులు కడిగితే పాలు అవుతాయా (Boggulu kadigithe paalu avuthaya),You cannot change someone's inherent bad nature.,te,en
translate idiom to english: వయసొస్తే వంకర కర్ర కూడా అందంగా ఉంటుంది (Vayasoste vankara karra kuda andanga untundi),Youth imparts an automatic illusion of beauty.,te,en
translate idiom to hindi: A small help in a difficult situation.,तिनके का सहारा,en,hi
translate idiom to telugu: bear fruit,పండును భరించును,en,te
translate idiom to english: A cat drinks milk with its eyes closed thinking no one sees.,"Doing something wrong secretly, foolishly believing no one notices.",en,en
translate idiom to malayalam: eyeball to eyeball,ആകാശത്ത് താറാവ് പറന്നാൽ,en,ml
translate idiom to telugu: The fence grazing the crop.,కంచే చేను మేసినట్లు (Kanche chenu mesinatlu),en,te
translate idiom to malayalam: Arrogance makes you lose touch with the ground.,തലക്കനം വന്നാൽ തറയറിയില്ല (Thalakkanam vannal tharayariyilla),en,ml
translate idiom to telugu: paint the town red,పేరు గొప్ప ఊరు దిబ్బ (Peru goppa ooru dibba),en,te
translate idiom to hindi: To sit in protest.,धरना देना,en,hi
"translate idiom to english: If no one questions, the temple worker will do anything.","Without oversight or accountability, people will abuse their power.",en,en
translate idiom to malayalam: head for the hills,തലയിരിക്കുമ്പോൾ വാലാടരുത് (Thalayirikkumbol vaaladaruthu),en,ml
translate idiom to telugu: Blowing a conch in front of a deaf person.,చెవిటి వాడి ముందు శంఖం ఊదినట్లు (Cheviti vaadi mundu shankham oodinatlu),en,te
translate idiom to hindi: talk nineteen to the dozen,हवा से बातें करना,en,hi
translate idiom to hindi: by and large,सब मिलाकर,en,hi
translate idiom to malayalam: Make the best out of what you have.,ഉള്ളതുകൊണ്ട് ഓണം പോലെ (Ullathukondu onam pole),en,ml
translate idiom to telugu: Washing one's hands of all responsibility and letting others deal with the mess.,తాంబూలాలిచ్చేశాను తన్నుకు చావండి (Thamboolalichhesanu thannuku chavandi),en,te
translate idiom to telugu: Caught between the devil and the deep blue sea.,"ముందు నుయ్యి, వెనుక గొయ్యి (Mundu nuyyi, venuka goyyi)",en,te
translate idiom to malayalam: To go with the flow or adapt.,പുഴയിൽ ഒഴുകുക,en,ml
translate idiom to english: ആളറിയാതെ ആളെ കൊല്ലരുത് (Aalariyathe aale kollaruthu),Do not judge or punish someone before knowing the full truth about them.,ml,en
translate idiom to telugu: on the nose,ముక్కు మీద,en,te
translate idiom to malayalam: What business does an ignorant/irrelevant person have in serious matters?,പൊന്നുരുക്കുന്നിടത്ത് പൂച്ചക്കെന്തു കാര്യം (Ponnurukkunnidathu poochakkenthu karyam),en,ml
translate idiom to english: The son of a scholar is a dunce.,Genius is not always inherited.,en,en
translate idiom to english: खून पसीना एक करना,To work incredibly hard.,hi,en
translate idiom to malayalam: hot air,ചൂടുള്ള വായു,en,ml
translate idiom to hindi: A drowning man gets the support of a straw.,डूबते को तिनके का सहारा,en,hi
translate idiom to english: ചുട്ടയിലെ ശീലം ചുടല വരെ (Chuttayile sheelam chudala vare),Old habits die hard.,ml,en
translate idiom to telugu: face to face,ముఖాముఖి,en,te
translate idiom to english: A wise man is respected everywhere.,Knowledge and talent will bring respect regardless of location.,en,en
"translate idiom to telugu: Failing to learn the swan's walk, and forgetting one's own.","హంస నడక రాక, తన నడక మర్చిపోయినట్లు (Hamsa nadaka raaka, thana nadaka marchipoyinatlu)",en,te
translate idiom to telugu: Sitting under a tree.,చెట్టు కింద కూర్చోవడం,en,te
translate idiom to telugu: to the bone,చెట్టు మీద ఎక్కడం,en,te
translate idiom to malayalam: ring a bell,ഒരു മണി മുഴക്കുക,en,ml
translate idiom to hindi: A drop in the ocean; too little.,ऊँट के मुँह में जीरा,en,hi
translate idiom to hindi: kiss and make up,आकाश-पाताल एक करना,en,hi
translate idiom to telugu: come of age,వయస్సు వచ్చిన,en,te
"translate idiom to malayalam: The jackfruit fell, the rabbit died.",ചക്ക വീണത് മുയൽ ചത്തത് (Chakka veenathu muyal chathathu),en,ml
translate idiom to hindi: move heaven and earth,आकाश-पाताल एक करना,en,hi
translate idiom to malayalam: There is no fruit that hasn't been eaten by a worm.,പുഴു തിന്നാത്ത പഴം ഇല്ല (Puzhu thinnatha pazham illa),en,ml
"translate idiom to english: కూటికి గతి లేదు, కులమెక్కువ (Kootiki gathi ledu, kulamekkuva)","Having no actual wealth or success, but showing off false pride.",te,en
translate idiom to malayalam: Do not destroy the very thing that supports you.,ഇരിക്കുന്ന കൊമ്പ് മുറിക്കരുത് (Irikkunna kombu murikkaruthu),en,ml
translate idiom to telugu: break someone's heart,ఒకరి హృదయాన్ని విచ్ఛిన్నం చేయండి,en,te
translate idiom to hindi: eat someone out of house and home,आसमान से गिरा खजूर में अटका,en,hi
translate idiom to english: A squint is better than blindness.,Something is better than nothing.,en,en
translate idiom to malayalam: come to a head,ഒരു തലയിലേക്ക് വരിക,en,ml
translate idiom to english: आसमान से गिरा खजूर में अटका,Out of one trouble and into another.,hi,en
translate idiom to english: To see and hear.,To be aware of something.,en,en
translate idiom to malayalam: Something that is very close or personal.,കണ്ണിൽ കുളിച്ചാൽ,en,ml
translate idiom to malayalam: The rabbit I caught has three horns.,താൻ പിടിച്ച മുയലിന് കൊമ്പ് മൂന്ന് (Thaan pidicha muyalinu kombu moonnu),en,ml
translate idiom to english: To climb the tree.,To take risks or venture into unknown territory.,en,en
translate idiom to telugu: sit on the fence,కంచే చేను మేసినట్లు (Kanche chenu mesinatlu),en,te
translate idiom to hindi: To be a necklace.,गले का हार होना,en,hi
translate idiom to english: To make teeth sour.,To defeat completely.,en,en
translate idiom to english: చంకలో పిల్లిని పెట్టుకొని ఊరంతా వెతికినట్లు (Chankalo pillini pettukoni oorantha vethikinatlu),Searching everywhere for something that is right in front of you.,te,en
translate idiom to telugu: to the letter,లేఖకు,en,te
"translate idiom to english: He who doesn't learn by seeing, learns by getting hit.","Some people only learn their lesson the hard way, through painful experience.",en,en
translate idiom to hindi: on board,जख्म पर नमक छिड़कना,en,hi
translate idiom to malayalam: Familiarity breeds contempt; undervaluing what is easily available.,മുറ്റത്തെ മുല്ലയ്ക്ക് മണമില്ല (Muttathe mullakku manamilla),en,ml
translate idiom to malayalam: bring someone to book,നായ്ക്കenthu തേങ്ങ (Naaykkenthu thenga),en,ml
translate idiom to telugu: A mismatch of monumental proportions; comparing the lowest to the highest.,"నక్క ఎక్కడ, నాగలోకం ఎక్కడ (Nakka ekkada, nagalokam ekkada)",en,te
translate idiom to hindi: across the board,बोर्ड के पार,en,hi
translate idiom to hindi: To lay down one's eyes.,आँखें बिछाना,en,hi
translate idiom to english: To become nine two eleven.,To run away or escape.,en,en
translate idiom to english: Walking in the belly of a jackal.,Being in a dangerous or tricky situation.,en,en
translate idiom to english: छक्के छुड़ाना,To defeat completely.,hi,en
translate idiom to english: सफेद झूठ,An obvious or blatant lie.,hi,en
translate idiom to malayalam: up and running,എഴുന്നേറ്റ് പ്രവർത്തിക്കുന്നു,en,ml
translate idiom to hindi: have a mountain to climb,बाल-बाल बचना,en,hi
translate idiom to hindi: To be rarely seen.,ईद का चाँद होना,en,hi
translate idiom to english: കണ്ണിൽ കുളിച്ചാൽ,Something that is very close or personal.,ml,en
translate idiom to english: കണ്ണടച്ചാൽ ഇരുട്ടാവില്ല (Kannadachal iruttaavilla),Ignoring a problem does not make it go away.,ml,en
translate idiom to english: To tighten the belt.,To get ready for a difficult task.,en,en
translate idiom to english: പുഴയിൽ ഒഴുകുക,To go with the flow or adapt.,ml,en
translate idiom to telugu: Foolishly imitating someone greater and hurting oneself.,పులిని చూసి నక్క వాతలు పెట్టుకున్నట్లు (Pulini chusi nakka vathalu pettukunnatlu),en,te
"translate idiom to english: Not a penny in hand, but the attitude of a landlord.",Being broke but putting on wealthy airs.,en,en
translate idiom to english: The silent cat breaks the pot.,Quiet people can sometimes be the most mischievous or surprising.,en,en
translate idiom to malayalam: the die is cast,അനുഭവം ആണ് മഹാ ഗുരു (Anubhavam aanu mahaa guru),en,ml
translate idiom to english: പാല് കുടിച്ച പാമ്പും കടിക്കും (Paalu kudicha paambum kadikkum),A wicked person will betray you even if you treat them well.,ml,en
translate idiom to english: ఏ ఎండకు ఆ గొడుగు (Ye endaku aa godugu),Adapting to situations for personal benefit; being an opportunist.,te,en
translate idiom to english: ചക്ക വീണത് മുയൽ ചത്തത് (Chakka veenathu muyal chathathu),A pure coincidence mistaken for cause and effect.,ml,en
translate idiom to english: വടിയെടുത്തു വാഴ വെട്ടരുത് (Vadiyeduthu vazha vettaruthu),Do not do foolish things; use the right tools for the right job.,ml,en
"translate idiom to malayalam: Some people only learn their lesson the hard way, through painful experience.",കണ്ടതറിയാത്തവൻ കൊണ്ടതറിയും (Kandathariyathavan kondathariyum),en,ml
translate idiom to malayalam: You will have to face the consequences of your wrong actions.,ഉപ്പു തിന്നവൻ വെള്ളം കുടിക്കും (Uppu thinnavan vellam kudikkum),en,ml
translate idiom to malayalam: point the finger,വിരൽ ചൂണ്ടുക,en,ml
translate idiom to hindi: sleep rough,रातों की नींद हराम होना,en,hi
translate idiom to english: आकाश-पाताल एक करना,To move heaven and earth; work very hard.,hi,en
"translate idiom to malayalam: Even in decline, a great person or thing retains their inherent stature.",ആന മെലിഞ്ഞാൽ തൊഴുത്തിൽ കെട്ടാമോ (Aana melinjal thozhuthil kettamo),en,ml
translate idiom to hindi: To lick the soles of feet.,तलवे चाटना,en,hi
translate idiom to english: To make blood and sweat one.,To work incredibly hard.,en,en
translate idiom to hindi: by heart,रटकर,en,hi
"translate idiom to english: Feared the war and went to Panthalam, only to find a war with torches there.",Out of the frying pan and into the fire.,en,en
translate idiom to hindi: To strike brick against brick.,ईंट से ईंट बजाना,en,hi
"translate idiom to malayalam: If there is unity, you can sleep even on a pestle.",ഒരുമയുണ്ടെങ്കിൽ ഉലക്കമേലും കിടക്കാം (Orumayundengil ulakkamelum kidakkam),en,ml
translate idiom to malayalam: Quiet people can sometimes be the most mischievous or surprising.,മിണ്ടാപ്പൂച്ച കലം ഉ‌ടയ്ക്കും (Minda poocha kalam udaikkum),en,ml
translate idiom to telugu: bear in mind,గుర్తుంచుకోండి,en,te
translate idiom to english: తాడెత్తు ఎదిగినా బుద్ధెత్తు లేదు (Thaadetthu edigina buddhetthu ledu),Physical growth without corresponding mental maturity.,te,en
translate idiom to english: നൂറു വട്ടം അറുത്താലും കൊതുകിന്റെ കാല് (Nooru vattam aruthalum kothukinte kaalu),Something insignificant will remain insignificant no matter what you do.,ml,en
"translate idiom to english: Rama in the mouth, knife in the side.",A wolf in sheep's clothing.,en,en
translate idiom to malayalam: first off,ഇരുന്നിട്ടു വേണം കാലു നീട്ടാൻ (Irunnittu venam kaalu neettan),en,ml
translate idiom to malayalam: take someone for a ride,തേൻ എടുത്തവൻ കൈ നക്കും (Then eduthavan kai nakkum),en,ml
translate idiom to malayalam: you can't have your cake and eat it,കണ്ണടച്ചാൽ ഇരുട്ടാവില്ല (Kannadachal iruttaavilla),en,ml
"translate idiom to english: Smiling with the mouth, mocking with the forehead.",Being two-faced or hypocritical.,en,en
translate idiom to telugu: Smearing ash and passing it off as a bael fruit.,మసి పూసి మారేడు కాయ చేసినట్లు (Masi poosi maredu kaya chesinatlu),en,te
translate idiom to malayalam: the world and his wife,തേൻ എടുത്തവൻ കൈ നക്കും (Then eduthavan kai nakkum),en,ml
translate idiom to hindi: Talking beyond one's status.,छोटा मुँह बड़ी बात,en,hi
translate idiom to telugu: Doing things haphazardly and blindly ruining everything without direction.,గుడ్డి ఎద్దు జొన్న చేలో పడ్డట్టు (Guddi eddu jonna chelo paddattu),en,te
translate idiom to malayalam: fall into place,താൻ കുഴിച്ച കുഴിയിൽ താൻ തന്നെ വീഴും (Thaan kuzhicha kuzhiyil thaan thanne veezhum),en,ml
translate idiom to english: To be the star of the eye.,To be the apple of someone's eye; very dear.,en,en
translate idiom to malayalam: come to mind,മനസ്സിൽ വരുന്നു,en,ml
translate idiom to malayalam: on board,ഓൺ ബോർഡ്,en,ml
translate idiom to hindi: and all that jazz,सांप भी मर जाए और लाठी भी न टूटे,en,hi
translate idiom to malayalam: You cannot change someone's inherent nature with superficial changes.,കാക്ക കുളിച്ചാൽ കൊക്കാകുമോ (Kaakka kulichal kokkakumo),en,ml
translate idiom to hindi: seeing is believing,दाल में काला होना,en,hi
translate idiom to telugu: Bringing a dog and making it sit on a throne.,కుక్కను తెచ్చి సింహాసనం మీద కూర్చోబెట్టినట్లు (Kukkanu thechi simhasanam meeda kurchobettinatlu),en,te
translate idiom to english: Throwing the stick a yard ahead of the running dog.,Being highly proactive; anticipating actions before they happen.,en,en
translate idiom to hindi: Something is fishy.,दाल में काला होना,en,hi
translate idiom to hindi: follow suit,अनुकरण करना,en,hi
translate idiom to hindi: rank and file,रैंक और फ़ाइल,en,hi
translate idiom to english: There is no fruit that hasn't been eaten by a worm.,No one is completely flawless or perfect.,en,en
translate idiom to english: കാറ്റിനൊത്ത് പായ വിരിക്കുക (Kaattinothu paaya virikkuka),Adapt your actions according to the changing circumstances.,ml,en
translate idiom to english: To rub hands.,To regret.,en,en
translate idiom to malayalam: Only a snake knows a snake's legs.,പാമ്പിന്റെ കാല് പാമ്പറിയും (Paambinte kaalu paambariyum),en,ml
translate idiom to english: Blowing a conch in front of a deaf person.,Wasting words on someone who refuses to listen or understand.,en,en
translate idiom to hindi: join the club,संघ में शामिल हों,en,hi
translate idiom to telugu: Outward simplicity doesn't mean a lack of intelligence or complex thoughts.,తలలు బోడులైనా తలపులు బోడులా (Thalalu bodulaina thalapulu bodulaa),en,te
translate idiom to telugu: off the hook,హుక్ ఆఫ్,en,te
translate idiom to telugu: A squint is better than blindness.,గుడ్డి కన్నా మెల్ల మేలు (Guddi kanna mella melu),en,te
translate idiom to malayalam: Habits formed in the cradle last till the funeral pyre.,ചുട്ടയിലെ ശീലം ചുടല വരെ (Chuttayile sheelam chudala vare),en,ml
translate idiom to malayalam: He who takes the honey will lick his fingers.,തേൻ എടുത്തവൻ കൈ നക്കും (Then eduthavan kai nakkum),en,ml
translate idiom to english: पहाड़ टूट पड़ना,A sudden major disaster or tragedy.,hi,en
translate idiom to english: Things look green on this shore from the other shore.,The grass is always greener on the other side.,en,en
translate idiom to hindi: run something up the flagpole,अंधे के हाथ बटेर लगना,en,hi
translate idiom to hindi: on the horns of a dilemma,कलेजे पर साँप लोटना,en,hi
translate idiom to english: Do you need to teach a baby fish how to swim?,You don't need to teach someone what they are naturally talented at.,en,en
translate idiom to telugu: Like a rat fallen in rice wash.,కుడితిలో పడ్డ ఎలుక లాగా (Kuditilo padda eluka laaga),en,te
translate idiom to telugu: game on,గేమ్ ఆన్,en,te
translate idiom to hindi: out of the blue,अप्रत्याशित समय पर,en,hi
translate idiom to malayalam: An uncultured person cannot appreciate the value of fine things.,കഴുതയ്ക്കറിയാമോ കർപ്പൂരത്തിന്റെ മണം (Kazhuthaykkariyamoo karpoorathinte manam),en,ml
translate idiom to english: To pat the back.,To encourage or praise.,en,en
translate idiom to english: Even a squirrel does what it can.,Every small contribution matters.,en,en
translate idiom to malayalam: People who make a lot of noise or threats rarely take action.,കുരയ്ക്കുന്ന പട്ടി കടിക്കില്ല (Kuraykkunna patti kadikkilla),en,ml
translate idiom to hindi: take a shine to,टक्कर खाना,en,hi
translate idiom to english: വേലിയിൽ ഇരുന്ന പാമ്പിനെ എടുത്തു തോളിൽ വയ്ക്കുക (Veliyil irunna paambine eduthu tholil vaykuka),To unnecessarily invite trouble into one's life.,ml,en
translate idiom to malayalam: without fail,ചോദിക്കാൻ ആളില്ലെങ്കിൽ അമ്പലവാസി എന്തും ചെയ്യും (Chodikkan aalillengil ambalavaasi enthum cheyyum),en,ml
translate idiom to english: Smearing ash and passing it off as a bael fruit.,Creating a fraudulent disguise or deceiving cleverly.,en,en
translate idiom to english: Celebrate like Onam with whatever is available.,Make the best out of what you have.,en,en
translate idiom to malayalam: Even an ant values its life.,ഉറുമ്പിനും തന്റെ ജീവൻ വലുതാണ് (Urumbinum thante jeevan valuthaanu),en,ml
translate idiom to malayalam: make a killing,പല തുള്ളി പെരുവെള്ളം (Pala thulli peru vellam),en,ml
translate idiom to telugu: An extremely corrupt and greedy person.,"గుడిని, గుడిలో లింగాన్ని మింగే రకం (Gudini, gudilo linganni minge rakam)",en,te
translate idiom to telugu: practise what you preach,అందని ద్రాక్ష పండ్లు పుల్లన (Andani draksha pandlu pullana),en,te
translate idiom to english: Holding leaves after the hands are burnt.,Crying over spilt milk; taking precautions when it is too late.,en,en
translate idiom to telugu: seeing is believing,తన కోపమే తన శత్రువు (Thana kopame thana shatruvu),en,te
translate idiom to malayalam: You learn the best lessons from your own experiences.,അനുഭവം ആണ് മഹാ ഗുരു (Anubhavam aanu mahaa guru),en,ml
translate idiom to english: The master can even do it in the stove.,Experts or masters are granted exceptions to the rules.,en,en
translate idiom to hindi: Snake in the sleeve.,आस्तीन का साँप,en,hi
translate idiom to english: ईंट से ईंट बजाना,To completely destroy or retaliate fiercely.,hi,en
translate idiom to malayalam: Make hay while the sun shines; seize the opportunity.,കാറ്റുളളപ്പോൾ പാറ്റണം (Kattullappol pattanam),en,ml
translate idiom to english: What does a coconut mean to a dog?,Giving something valuable to someone who cannot appreciate or use it.,en,en
translate idiom to telugu: carry the can,తాడి చెట్టు ఎక్కే వాడిని ఎంత వరకు ఎగదోయాలి (Thaadi chettu ekke vaadini entha varaku egadoyali),en,te
translate idiom to malayalam: A wicked person will betray you even if you treat them well.,പാല് കുടിച്ച പാമ്പും കടിക്കും (Paalu kudicha paambum kadikkum),en,ml
translate idiom to telugu: and all that jazz,పచ్చి మిరపకాయలు,en,te
translate idiom to english: పెళ్లికి వెళ్తూ పిల్లిని చంకలో పెట్టుకెళ్ళినట్లు (Pelliki velthu pillini chankalo pettukellinatlu),Carrying unnecessary trouble to an auspicious or good event.,te,en
translate idiom to telugu: move mountains,దూరపు కొండలు నునుపు (Doorapu kondalu nunupu),en,te
translate idiom to malayalam: To pour oil into a burning fire.,എരിയുന്ന തീയിൽ എണ്ണ ഒഴിക്കുക (Eriyunna theeyil enna ozhikkuka),en,ml
"translate idiom to malayalam: When an undeserving person gets sudden wealth, they show off foolishly.",അൽപ്പന് അർത്ഥം കിട്ടിയാൽ അർദ്ധരാത്രിക്ക് കുട പിടിക്കും (Alpanu artham kittiyal ardharathrikku kuda pidikkum),en,ml
"translate idiom to english: If there is paddy in the granary, rats will come even from Wayanad.","If you are wealthy or successful, people will find you no matter where you are.",en,en
translate idiom to english: Colors aren't known until night falls.,True colors or difficulties are only revealed during tough times.,en,en
translate idiom to hindi: go public,सार्वजनिक हो जाओ,en,hi
translate idiom to hindi: To catch red-handed.,रंगे हाथों पकड़ना,en,hi
translate idiom to telugu: A braying donkey ruined the grazing donkey.,కూసే గాడిద మేసే గాడిదని చెడగొట్టినట్లు (Koose gaadida mese gaadidani chedagottinatlu),en,te
translate idiom to english: പട്ടി കുരച്ചാൽ പല്ലക്ക് നിൽക്കുമോ (Patti kurachal pallakku nilkkumo),The progress of the great will not be stopped by the criticism of the insignificant.,ml,en
translate idiom to hindi: have a few,कुछ लो,en,hi
translate idiom to english: For lentils to melt/cook.,To succeed in a trick or plan.,en,en
"translate idiom to telugu: Hunger knows no taste, sleep knows no comfort.","ఆకలి రుచి ఎరుగదు, నిద్ర సుఖమెరుగదు (Aakali ruchi erugadu, nidra sukhamerugadu)",en,te
translate idiom to malayalam: Subordinates should not overstep when the leader is present.,തലയിരിക്കുമ്പോൾ വാലാടരുത് (Thalayirikkumbol vaaladaruthu),en,ml
translate idiom to english: One's anger is one's enemy.,Anger only destroys the person who is angry.,en,en
"translate idiom to english: If an elephant becomes thin, can it be tied in a cowshed?","Even in decline, a great person or thing retains their inherent stature.",en,en
translate idiom to telugu: one and the same,ఒకటి మరియు అదే,en,te
translate idiom to telugu: Keeping a lamp in the wind and calling God.,గాలిలో దీపం పెట్టి దేవుడా అన్నట్లు (Gaalilo deepam petti devuda annatlu),en,te
translate idiom to hindi: To make someone lose their sixes.,छक्के छुड़ाना,en,hi
translate idiom to telugu: open someone's eyes,ఎవరైనా కళ్ళు తెరవండి,en,te
translate idiom to malayalam: bear in mind,ഓർക്കുക,en,ml
translate idiom to telugu: gone with the wind,అగ్నికి వాయువు తోడైనట్లు (Agniki vayuvu thodainatlu),en,te
translate idiom to hindi: A deceiver or hypocrite.,रंगा सियार,en,hi
translate idiom to malayalam: The fence itself eating the crop.,വേലി തന്നെ വിളവു തിന്നുക (Veli thanne vilavu thinnuka),en,ml
"translate idiom to english: ఆవు చేలో మేస్తే దూడ గట్టున మేస్తుందా (Aavu chelo meste, duda gattuna mestunda)","Like father, like son; children imitate their parents.",te,en
translate idiom to english: പുലിവാല് പിടിച്ചതുപോലെ (Pulivaalu pidichathupole),Being caught in a dangerous situation where you can neither hold on nor let go.,ml,en
translate idiom to malayalam: You should adapt to the customs and trends of the society you live in.,നാട് ഓടുമ്പോൾ നടുവേ ഓടണം (Naadu odumbol naduve odanam),en,ml
translate idiom to telugu: run into the sand,కంచే చేను మేసినట్లు (Kanche chenu mesinatlu),en,te
translate idiom to malayalam: Something that is completely impossible.,കാക്ക മലർന്നു പറക്കുമോ (Kaakka malarnnu parakkumo),en,ml
translate idiom to telugu: you can't have your cake and eat it,బొగ్గులు కడిగితే పాలు అవుతాయా (Boggulu kadigithe paalu avuthaya),en,te
translate idiom to english: लोहे के चने चबाना,To do a very difficult task.,hi,en
translate idiom to malayalam: Something that disappears instantly; fleeting and impermanent.,വെള്ളത്തിൽ വരച്ച വര പോലെ (Vellathil varacha vara pole),en,ml
translate idiom to malayalam: every last,അണ്ണാറക്കണ്ണനും തന്നാലായത് (Annarakkannanum thannalayathu),en,ml
translate idiom to english: കരിമ്പു കാട്ടിൽ ആന കയറിയതു പോലെ (Karimbu kattil aana kayariyathu pole),Being in a state of absolute joy with unlimited access to what one loves.,ml,en
translate idiom to malayalam: Appearances can be deceptive.,മിന്നുന്നതെല്ലാം പൊന്നല്ല (Minnunnathellam ponnalla),en,ml
translate idiom to malayalam: in business,പൊന്നുരുക്കുന്നിടത്ത് പൂച്ചക്കെന്തു കാര്യം (Ponnurukkunnidathu poochakkenthu karyam),en,ml
translate idiom to telugu: for the time being,ప్రస్తుతానికి,en,te
translate idiom to english: ఏకు మేకై కూర్చున్నట్లు (Eku mekai kurchunnatlu),Something insignificant becoming a huge nuisance or threat over time.,te,en
translate idiom to english: To grind lentils on someone's chest.,To deliberately annoy someone while staying close to them.,en,en
"translate idiom to telugu: No food to eat, but boastful of high caste.","కూటికి గతి లేదు, కులమెక్కువ (Kootiki gathi ledu, kulamekkuva)",en,te
translate idiom to malayalam: like the clappers,കൈ വിട്ട ആയുധം പോലെ (Kai vitta aayudham pole),en,ml
translate idiom to malayalam: To be aware of something.,കണ്ടു കേൾക്കുക,en,ml
translate idiom to hindi: for a song,कमर कसना,en,hi
translate idiom to english: താൻ പിടിച്ച മുയലിന് കൊമ്പ് മൂന്ന് (Thaan pidicha muyalinu kombu moonnu),Stubbornly clinging to a false or absurd claim.,ml,en
"translate idiom to telugu: Not a penny in hand, but the attitude of a landlord.","చేతిలో చిల్లిగవ్వ లేదు, చంకలో జమిందారీ (Chethilo chilligavva ledu, chankalo jamindaari)",en,te
translate idiom to english: श्री गणेश करना,To start something new.,hi,en
translate idiom to malayalam: boys will be boys,ഉപ്പു തിന്നവൻ വെള്ളം കുടിക്കും (Uppu thinnavan vellam kudikkum),en,ml
translate idiom to malayalam: You will fall into the pit you dig.,താൻ കുഴിച്ച കുഴിയിൽ താൻ തന്നെ വീഴും (Thaan kuzhicha kuzhiyil thaan thanne veezhum),en,ml
translate idiom to english: Every limb getting loose.,To be extremely tired.,en,en
translate idiom to hindi: have a few,गागर में सागर भरना,en,hi
translate idiom to telugu: by heart,గుండె ద్వారా,en,te
translate idiom to telugu: call off the dogs,దొంగలు పడ్డ ఆరు నెలలకు కుక్కలు మొరిగినట్లు (Dongalu padda aaru nelalaku kukkalu moriginatlu),en,te
translate idiom to malayalam: do someone proud,ആളറിയാതെ ആളെ കൊല്ലരുത് (Aalariyathe aale kollaruthu),en,ml
translate idiom to english: Distant mountains are smooth.,The grass is always greener on the other side.,en,en
translate idiom to malayalam: rule of thumb,ഭരണം,en,ml
translate idiom to hindi: have kittens,दीवारों के कान होना,en,hi
translate idiom to english: The tail shouldn't wag when the head is present.,Subordinates should not overstep when the leader is present.,en,en
translate idiom to english: लोहा लेना,To face bravely.,hi,en
translate idiom to hindi: not worth the candle,सांप भी मर जाए और लाठी भी न टूटे,en,hi
translate idiom to english: चुल्लू भर पानी में डूब मरना,To be deeply ashamed.,hi,en
translate idiom to english: Will a crow become a crane if it bathes?,You cannot change someone's inherent nature with superficial changes.,en,en
translate idiom to hindi: To nitpick or over-analyze.,बाल की खाल निकालना,en,hi
translate idiom to hindi: turn a blind eye,अंधे की लाठी,en,hi
translate idiom to english: കാട്ടിലെ തടി തേവരുടെ ആന (Kaattile thadi thevarude aana),Carelessly spending or destroying property that belongs to someone else.,ml,en
translate idiom to english: പൊന്നുരുക്കുന്നിടത്ത് പൂച്ചക്കെന്തു കാര്യം (Ponnurukkunnidathu poochakkenthu karyam),What business does an ignorant/irrelevant person have in serious matters?,ml,en
translate idiom to telugu: Making a fingernail-sized thing into a mountain.,గోరంత దాన్ని కొండంత చేయడం (Goranta daanni kondanta cheyadam),en,te
translate idiom to english: కూసే గాడిద మేసే గాడిదని చెడగొట్టినట్లు (Koose gaadida mese gaadidani chedagottinatlu),Bad company corrupts good character.,te,en
translate idiom to malayalam: come to think of it,പാമ്പിന്റെ കാല് പാമ്പറിയും (Paambinte kaalu paambariyum),en,ml
translate idiom to hindi: turn someone's head,किसी का सिर घुमाना,en,hi
translate idiom to malayalam: from the cradle to the grave,കാട്ടിലെ തടി തേവരുടെ ആന (Kaattile thadi thevarude aana),en,ml
translate idiom to telugu: make hay,దీపం ఉండగానే ఇల్లు చక్కబెట్టుకోవాలి (Deepam undagane illu chakkabettukovali),en,te
translate idiom to telugu: Grew as tall as a palm tree but no brain at all.,తాడెత్తు ఎదిగినా బుద్ధెత్తు లేదు (Thaadetthu edigina buddhetthu ledu),en,te
translate idiom to malayalam: To take a bold step or risk.,മുട്ടിനെ തട്ടുക,en,ml
translate idiom to english: A cotton wick becoming a nail.,Something insignificant becoming a huge nuisance or threat over time.,en,en
translate idiom to hindi: Familiarity breeds contempt; undervaluing what one has.,घर की मुर्गी दाल बराबर,en,hi
translate idiom to malayalam: Ignoring a problem does not make it go away.,കണ്ണടച്ചാൽ ഇരുട്ടാവില്ല (Kannadachal iruttaavilla),en,ml
translate idiom to hindi: To take a hit.,टक्कर खाना,en,hi
"translate idiom to english: If the cow grazes in the field, will the calf graze on the edge?","Like father, like son; children imitate their parents.",en,en
translate idiom to hindi: To take iron.,लोहा लेना,en,hi
translate idiom to hindi: For lentils to melt/cook.,दाल गलना,en,hi
translate idiom to malayalam: at sea,കടലിൽ,en,ml
translate idiom to telugu: Even an ant won't bite without Lord Shiva's command.,శివుని ఆజ్ఞ లేనిదే చీమైనా కుట్టదు (Shivuni aagna lenide cheemaina kuttadu),en,te
translate idiom to english: కీలెరిగి వాత పెట్టాలి (Keelerigi vatha pettali),Speak or act precisely where it hurts or matters the most.,te,en
translate idiom to telugu: away with the fairies,నోటితో నవ్వి నొసటితో వెక్కిరించినట్లు (Notitho navvi nosatitho vekkirinchinatlu),en,te
"translate idiom to hindi: Double by day, quadruple by night.",दिन दूनी रात चौगुनी,en,hi
"translate idiom to telugu: Elevating an undeserving, ill-mannered person to a high position.",కుక్కను తెచ్చి సింహాసనం మీద కూర్చోబెట్టినట్లు (Kukkanu thechi simhasanam meeda kurchobettinatlu),en,te
translate idiom to english: धोबी का कुत्ता न घर का न घाट का,A person with no fixed place or status.,hi,en
translate idiom to telugu: in the pipeline,పైప్లైన్లో,en,te
translate idiom to english: कलई खुलना,A secret being revealed.,hi,en
translate idiom to english: To lick the soles of feet.,To flatter or bootlick for personal gain.,en,en
translate idiom to english: Drinking milk and punching the breast.,Biting the hand that feeds you.,en,en
translate idiom to english: हाथ-पाँव मारना,To make desperate efforts.,hi,en
translate idiom to malayalam: in the red,ചുവപ്പിൽ,en,ml
translate idiom to hindi: come to grips with,कलेजे पर साँप लोटना,en,hi
translate idiom to malayalam: Experience is the great teacher.,അനുഭവം ആണ് മഹാ ഗുരു (Anubhavam aanu mahaa guru),en,ml
translate idiom to telugu: Bad company corrupts good character.,కూసే గాడిద మేసే గాడిదని చెడగొట్టినట్లు (Koose gaadida mese gaadidani chedagottinatlu),en,te
translate idiom to english: दाल में काला होना,Something is fishy.,hi,en
translate idiom to telugu: from the cradle to the grave,తల ప్రాణం తోకకు వచ్చినట్లు (Thala pranam thokaku vachinatlu),en,te
translate idiom to telugu: Wasting words on someone who refuses to listen or understand.,చెవిటి వాడి ముందు శంఖం ఊదినట్లు (Cheviti vaadi mundu shankham oodinatlu),en,te
translate idiom to hindi: To see the direction of the wind.,हवा का रुख देखना,en,hi
translate idiom to hindi: To blow one's own trumpet; self-praise.,अपने मुँह मियाँ मिट्ठू बनना,en,hi
translate idiom to hindi: To succeed in a trick or plan.,दाल गलना,en,hi
translate idiom to malayalam: The stone that grinds will produce powder.,അരയ്ക്കുന്ന കല്ല് പൊടിക്കും (Araykkunna kall podikkum),en,ml
translate idiom to malayalam: To see and hear.,കണ്ടു കേൾക്കുക,en,ml
translate idiom to telugu: on the carpet,కార్పెట్ మీద,en,te
translate idiom to malayalam: fly in the face of,കനകം മൂലം കാമിനി മൂലം (Kanakam moolam kaamini moolam),en,ml
translate idiom to malayalam: by heart,കണ്ടതറിയാത്തവൻ കൊണ്ടതറിയും (Kandathariyathavan kondathariyum),en,ml
translate idiom to hindi: out of the question,सवाल से बाहर,en,hi
translate idiom to hindi: in the bag,बैग में,en,hi
translate idiom to hindi: To pour ghee in fire.,आग में घी डालना,en,hi
translate idiom to english: നായ്ക്കenthu തേങ്ങ (Naaykkenthu thenga),Giving something valuable to someone who cannot appreciate or use it.,ml,en
translate idiom to english: गले का हार होना,To be someone's favorite or deeply loved.,hi,en
translate idiom to telugu: Half knowledge and half medicine are dangerous.,"సగం చదువు, సగం వైద్యం ప్రమాదకరం (Sagam chaduvu, sagam vaidyam pramadaakaram)",en,te
"translate idiom to english: Doesn't know how to dance, blames the crooked courtyard.",A bad workman blames his tools.,en,en
translate idiom to telugu: in a fog,నక్క కడుపులో నడవడం,en,te
translate idiom to malayalam: The protector turning into the predator.,വേലി തന്നെ വിളവു തിന്നുക (Veli thanne vilavu thinnuka),en,ml
translate idiom to english: കാറ്റുളളപ്പോൾ പാറ്റണം (Kattullappol pattanam),Make hay while the sun shines; seize the opportunity.,ml,en
translate idiom to telugu: Selling fruits by taking the name of the tree.,చెట్టు పేరు చెప్పి కాయలు అమ్మినట్లు (Chettu peru cheppi kayalu amminatlu),en,te
translate idiom to hindi: A painted jackal.,रंगा सियार,en,hi
translate idiom to malayalam: with a view to,ഒരു വീക്ഷണത്തോടെ,en,ml
translate idiom to english: चाँदी काटना,To earn a lot of money easily.,hi,en
"translate idiom to telugu: Having no actual wealth or success, but showing off false pride.","కూటికి గతి లేదు, కులమెక్కువ (Kootiki gathi ledu, kulamekkuva)",en,te
translate idiom to telugu: change hands,చేతులు మారతాయి,en,te
translate idiom to english: Keeping a lamp in the wind and calling God.,Acting carelessly and hoping for a miracle.,en,en
"translate idiom to english: If the mouth is good, the town is good.","If you speak politely, everyone will be good to you.",en,en
translate idiom to malayalam: An attempt to beautify resulted in vitiligo.,വെളുക്കാൻ തേച്ചത് പാണ്ടായി (Velukkan thechathu paandaayi),en,ml
translate idiom to hindi: To talk to the wind.,हवा से बातें करना,en,hi
translate idiom to hindi: To take a massive risk.,जान पर खेलना,en,hi
translate idiom to malayalam: break someone's heart,ഒരാളുടെ ഹൃദയം തകർക്കുക,en,ml
translate idiom to english: ముందొచ్చిన చెవుల కన్నా వెనకొచ్చిన కొమ్ములు వాడి (Mundochina chevula kanna venakochina kommulu vaadi),Newcomers or juniors outshining the seniors.,te,en
translate idiom to malayalam: at a canter,അൽപ്പന് അർത്ഥം കിട്ടിയാൽ അർദ്ധരാത്രിക്ക് കുട പിടിക്കും (Alpanu artham kittiyal ardharathrikku kuda pidikkum),en,ml
translate idiom to telugu: once and for all,ఒకసారి మరియు అన్ని కోసం,en,te
translate idiom to english: अक्ल पर पत्थर पड़ना,To lose one's senses.,hi,en
translate idiom to english: ചുട്ടു തിന്നാലും വാസന പോവില്ല (Chuttu thinnalum vaasana povilla),Deep-rooted bad habits cannot be eradicated easily.,ml,en
translate idiom to telugu: Drinking milk and punching the breast.,పాలు తాగి రొమ్ము గుద్దినట్లు (Paalu thaagi rommu gudhinatlu),en,te
"translate idiom to english: Even to a crow, its own child is a golden child.","Everyone loves their own offspring dearly, regardless of flaws.",en,en
"translate idiom to english: Four days of moonlight, then dark night.",A nine days' wonder; short-lived happiness.,en,en
translate idiom to malayalam: Being highly proactive; anticipating actions before they happen.,ഓടുന്ന നായയ്ക്ക് ഒരു മുഴം മുമ്പേ (Odunna naayakku oru muzham mumpe),en,ml
translate idiom to telugu: round the clock,గడియారం చుట్టూ,en,te
translate idiom to hindi: Walls have ears.,दीवारों के कान होना,en,hi
translate idiom to hindi: on someone's mind,छाती पर मूंग दलना,en,hi
translate idiom to telugu: The guruvinda seed doesn't know its own blackness.,గురువింద గింజ తన నలుపు ఎరుగదు (Guruvinda ginja thana nalupu erugadu),en,te
"translate idiom to telugu: If the listener is a fool, the speaker claims to speak divine philosophy.","వినేవాడు వెర్రివాడైతే, చెప్పేవాడు శివతత్వం చెప్పాడట (Vinevaadu verrivaadaithe, cheppevaadu shivatathvam cheppadata)",en,te
translate idiom to hindi: sleight of hand,हाथ साफ करना,en,hi
translate idiom to hindi: under the sun,सूरज के नीचे,en,hi
translate idiom to english: కడుపు చించుకుంటే కాళ్ళ మీద పడుతుంది (Kadupu chinchukunte kalla meeda paduthundi),Washing dirty linen in public only brings shame to your own family.,te,en
translate idiom to english: Fox branding itself after seeing a tiger.,Foolishly imitating someone greater and hurting oneself.,en,en
translate idiom to english: മുറ്റത്തെ മുല്ലയ്ക്ക് മണമില്ല (Muttathe mullakku manamilla),Familiarity breeds contempt; undervaluing what is easily available.,ml,en
translate idiom to hindi: pull a fast one,एक अनार सौ बीमार,en,hi
translate idiom to hindi: go straight,सीधे जाओ,en,hi
translate idiom to hindi: To raise a finger.,उँगली उठाना,en,hi
translate idiom to english: ഉറുമ്പിനും തന്റെ ജീവൻ വലുതാണ് (Urumbinum thante jeevan valuthaanu),"Every living being values its own existence, no matter how small.",ml,en
translate idiom to hindi: To become a fire bubble.,आग बबूला होना,en,hi
translate idiom to english: Speaking the truth causes more irritation.,People get angry when confronted with the bitter truth.,en,en
translate idiom to hindi: To cut silver.,चाँदी काटना,en,hi
translate idiom to telugu: Dogs barking 6 months after the robbery.,దొంగలు పడ్డ ఆరు నెలలకు కుక్కలు మొరిగినట్లు (Dongalu padda aaru nelalaku kukkalu moriginatlu),en,te
translate idiom to malayalam: Experience is the seventh sense.,ഏഴാം അറിവ് അനുഭവമാണ് (Ezham arivu anubhavamaanu),en,ml
translate idiom to english: To sit in protest.,To stand firm on an issue.,en,en
translate idiom to hindi: A hypocrite.,बगुला भगत,en,hi
translate idiom to hindi: To harm oneself.,अपने पैर पर कुल्हाड़ी मारना,en,hi
translate idiom to malayalam: Being caught in a dangerous situation where you can neither hold on nor let go.,പുലിവാല് പിടിച്ചതുപോലെ (Pulivaalu pidichathupole),en,ml
translate idiom to hindi: To make a mountain out of a molehill.,तिल का ताड़ बनाना,en,hi
translate idiom to telugu: sweat like a pig,రొంపిలో పడ్డ పంది లాగా (Rompilo padda pandi laaga),en,te
translate idiom to telugu: Eating chickpeas while blowing a conch.,శనగలు తింటూ శంఖం ఊదినట్లు (Sanagalu thintu shankham oodinatlu),en,te
translate idiom to telugu: come to terms with,తో ఒప్పందానికి వస్తాయి,en,te
translate idiom to telugu: turn a blind eye,గుడ్డి ఎద్దు జొన్న చేలో పడ్డట్టు (Guddi eddu jonna chelo paddattu),en,te
translate idiom to hindi: To clean hands.,हाथ साफ करना,en,hi
"translate idiom to malayalam: If you eat slowly, you can even eat a palm tree.",പയ്യെ തിന്നാൽ പനയും തിന്നാം (Payye thinnal panayum thinnam),en,ml
translate idiom to malayalam: You don't need to teach someone what they are naturally talented at.,മീൻ കുഞ്ഞിനെ നീന്താൻ പഠിപ്പിക്കണോ (Meen kunjine neenthan padippikkano),en,ml
translate idiom to telugu: green light,పచ్చి మిరపకాయలు,en,te
"translate idiom to english: హంస నడక రాక, తన నడక మర్చిపోయినట్లు (Hamsa nadaka raaka, thana nadaka marchipoyinatlu)",Losing your originality while trying to imitate someone else.,te,en
translate idiom to hindi: be all ears,दीवारों के कान होना,en,hi
translate idiom to hindi: the joke is on someone,बंदर क्या जाने अदरक का,en,hi
"translate idiom to hindi: One pomegranate, a hundred sick people.",एक अनार सौ बीमार,en,hi
translate idiom to hindi: A snake rolling on the liver.,कलेजे पर साँप लोटना,en,hi
translate idiom to malayalam: Like catching a tiger's tail.,പുലിവാല് പിടിച്ചതുപോലെ (Pulivaalu pidichathupole),en,ml
translate idiom to telugu: boys will be boys,నోరు మంచిదైతే ఊరు మంచిదవుతుంది (Noru manchidaite ooru manchidavutundi),en,te
translate idiom to hindi: down to the wire,आँखें बिछाना,en,hi
translate idiom to malayalam: do a bunk,മീൻ കുഞ്ഞിനെ നീന്താൻ പഠിപ്പിക്കണോ (Meen kunjine neenthan padippikkano),en,ml
translate idiom to hindi: Heart blooming like a garden.,दिल बाग-बाग होना,en,hi
translate idiom to hindi: turn a blind eye,देख कर भी अनदेखा करना,en,hi
translate idiom to english: पानी-पानी होना,To be extremely embarrassed.,hi,en
translate idiom to english: To make a palm tree out of a sesame seed.,To make a mountain out of a molehill.,en,en
translate idiom to hindi: To defeat completely.,छक्के छुड़ाना,en,hi
translate idiom to english: అగ్నికి వాయువు తోడైనట్లు (Agniki vayuvu thodainatlu),A bad situation becoming worse due to an external factor.,te,en
"translate idiom to malayalam: When success goes to someone's head, they forget their humble beginnings.",തലക്കനം വന്നാൽ തറയറിയില്ല (Thalakkanam vannal tharayariyilla),en,ml
translate idiom to malayalam: Out of the frying pan and into the fire.,പടപേടിച്ച് പന്തളത്ത് ചെന്നപ്പോൾ അവിടെ പന്തം കൊളുത്തി പട (Pada pedichu panthalathu chennappol avide pantham koluthi pada),en,ml
translate idiom to telugu: True colors or difficulties are only revealed during tough times.,రాత్రి అయితే గానీ రంగులు తెలియవు (Rathri ayithe gaani rangulu theliyavu),en,te
"translate idiom to english: I gave the betel leaves, now fight to death.",Washing one's hands of all responsibility and letting others deal with the mess.,en,en
translate idiom to english: Cutting the banana tree while the house is burning.,Selfishly taking advantage of someone else's disaster.,en,en
translate idiom to malayalam: A wedding between a crow and a chicken.,കാക്കയ്ക്കും കോഴിക്കും കല്ല്യാണം (Kaakkakkum kozhikkum kallyaanam),en,ml
translate idiom to telugu: in the long term,దీర్ఘకాలంలో,en,te
translate idiom to malayalam: pissed off,ദേഷ്യപ്പെടുക,en,ml
translate idiom to hindi: behind someone's back,किसी की पीठ पीछे,en,hi
translate idiom to english: तिनके का सहारा,A small help in a difficult situation.,hi,en
translate idiom to english: കാക്ക കുളിച്ചാൽ കൊക്കാകുമോ (Kaakka kulichal kokkakumo),You cannot change someone's inherent nature with superficial changes.,ml,en
translate idiom to english: Light of a dark house.,The only son or hope of a family.,en,en
translate idiom to malayalam: go through the mill,കണ്ടതറിയാത്തവൻ കൊണ്ടതറിയും (Kandathariyathavan kondathariyum),en,ml
translate idiom to telugu: on the ball,బంతి మీద,en,te
translate idiom to english: Like a weapon that has left the hand.,Words once spoken or actions once taken cannot be reversed.,en,en
"translate idiom to malayalam: Everyone loves their own offspring dearly, regardless of flaws.",കാക്കയ്ക്കും തൻ കുഞ്ഞ് പൊൻകുഞ്ഞ് (Kakkakkum than kunju pon kunju),en,ml
translate idiom to telugu: hot air,వేడి గాలి,en,te
translate idiom to english: Snake in the sleeve.,A hidden enemy or traitor.,en,en
translate idiom to telugu: ring a bell,గంట మోగించండి,en,te
translate idiom to malayalam: round the clock,മുഴുവൻ സമയവും,en,ml
translate idiom to malayalam: To bathe in the eye.,കണ്ണിൽ കുളിക്കുക,en,ml
translate idiom to telugu: with a vengeance,పిల్లి కళ్ళు మూసుకుని పాలు తాగుతూ... (Pilli kallu musukuni paalu thaguthu...),en,te
translate idiom to hindi: A person with no fixed place or status.,धोबी का कुत्ता न घर का न घाट का,en,hi
translate idiom to english: One does not realize the value of eyes while having them.,People don't appreciate what they have until they lose it.,en,en
translate idiom to hindi: To keep life on the palm.,जान हथेली पर रखना,en,hi
translate idiom to telugu: An untrustworthy or compromised witness; a conflict of interest.,ఎలుకకు పిల్లి సాక్షి (Elukaku pilli sakshi),en,te
translate idiom to hindi: To start something new.,श्री गणेश करना,en,hi
translate idiom to english: राई का पहाड़ बनाना,To exaggerate a small issue.,hi,en
translate idiom to hindi: take stock,फिर से दाम लगाना,en,hi
translate idiom to english: A drowning man gets the support of a straw.,A drowning man catches at a straw.,en,en
translate idiom to english: పెదవి దాటితే పెన్న దాటుతుంది (Pedavi daatithe penna daatuthundi),A secret once spoken spreads uncontrollably and widely.,te,en
"translate idiom to telugu: If the mouth is good, the town is good.",నోరు మంచిదైతే ఊరు మంచిదవుతుంది (Noru manchidaite ooru manchidavutundi),en,te
translate idiom to hindi: To be deeply ashamed.,चुल्लू भर पानी में डूब मरना,en,hi
translate idiom to malayalam: do the honours,ചോദിക്കാൻ ആളില്ലെങ്കിൽ അമ്പലവാസി എന്തും ചെയ്യും (Chodikkan aalillengil ambalavaasi enthum cheyyum),en,ml
translate idiom to english: दिल बाग-बाग होना,Feeling extremely happy.,hi,en
translate idiom to malayalam: A desperate person will try any small chance to save themselves.,മുങ്ങിച്ചാവാൻ പോകുന്നവൻ കച്ചിത്തുരുമ്പും പിടിക്കും (Mungichavan pokunnavan kachithurumbum pidikkum),en,ml
translate idiom to telugu: A novice lacks a sense of timing or etiquette in their new role.,కొత్త బిచ్చగాడు పొద్దెరగడు (Kottha bicchagadu podderagadu),en,te
translate idiom to malayalam: all along,എല്ലാം കൂടെ,en,ml
translate idiom to hindi: Light of a dark house.,अंधेरे घर का उजाला,en,hi
translate idiom to english: छोटा मुँह बड़ी बात,Talking beyond one's status.,hi,en
translate idiom to telugu: over the hill,కొండ మీద,en,te
translate idiom to english: Burning the house out of fear of a rat.,Taking an extreme or destructive measure to solve a small problem.,en,en
translate idiom to english: A mountain breaking down.,A sudden major disaster or tragedy.,en,en
translate idiom to telugu: under fire,అగ్ని కింద,en,te
translate idiom to malayalam: over the hill,കുന്നിന് മുകളിൽ,en,ml
translate idiom to hindi: To have a narrow escape.,बाल-बाल बचना,en,hi
translate idiom to telugu: Washing dirty linen in public only brings shame to your own family.,కడుపు చించుకుంటే కాళ్ళ మీద పడుతుంది (Kadupu chinchukunte kalla meeda paduthundi),en,te
translate idiom to english: To break the egg.,To take a bold step or risk.,en,en
translate idiom to telugu: The protector turning into the predator.,కంచే చేను మేసినట్లు (Kanche chenu mesinatlu),en,te
"translate idiom to english: Man does half, God does half.","You must put in the effort, and God will take care of the rest.",en,en
translate idiom to malayalam: A coconut fell on the head of a dog that was already about to howl.,മോങ്ങാനിരുന്ന നായയുടെ തലയിൽ തേങ്ങ വീണു (Mongaanirunna naayayude thalayil thenga veenu),en,ml
