source_idiom,target_idiom,source_lang,target_lang
translate idiom to english: ഇടിമിന്നൽ ഭൂമി ഭയക്കില്ല,A grounded and stable person is not shaken by sudden threats or outbursts.,ml,en
translate idiom to english: A blind man's stick.,The only support.,en,en
translate idiom to english: Remember before you die.,Do not put off what is important; act while you still have time.,en,en
translate idiom to english: A tree without roots will fall.,Anything without a strong foundation will eventually collapse.,en,en
translate idiom to malayalam: People who make a lot of noise or threats rarely take action.,കുരയ്ക്കുന്ന പട്ടി കടിക്കില്ല (Kuraykkunna patti kadikkilla),en,ml
translate idiom to english: What existed yesterday does not exist today.,Nothing is permanent; circumstances change constantly.,en,en
translate idiom to english: Ask one thing and receive a hundred.,A single honest question can yield abundant insight or help.,en,en
translate idiom to english: അടി തെറ്റിയാൽ ആനയും വീഴും (Adi thettiyaal aaneyum veezhum),Even the strongest or most experienced person can fail if they are careless.,ml,en
translate idiom to english: कहाँ राजा भोज कहाँ गंगू तेली,"A huge gap between two people in status, ability, or class.",hi,en
translate idiom to english: A true friend struggles with you in your time of pain.,"Real friendship means being there during hardship, not just in good times.",en,en
translate idiom to english: అందరికీ అన్నీ రావు,Talent and fortune are not distributed equally; accept your lot.,te,en
translate idiom to hindi: To point fingers; blame someone.,उँगली उठाना,en,hi
"translate idiom to english: No food to eat, but boastful of high caste.","Having no actual wealth or success, but showing off false pride.",en,en
translate idiom to english: Light of a dark house.,The only son or hope of a family.,en,en
translate idiom to telugu: Relationships and skills need consistent nurturing to flourish.,నీళ్ళు పోసి మొక్క పెంచాలి,en,te
"translate idiom to english: Work for the skilled, begging for the unskilled.",Skills determine your livelihood and dignity.,en,en
translate idiom to english: കണ്ണ് കാണുന്ന ഇടം വരെ മാത്രം,People tend to only care about or plan for what is immediately visible to them; short-sightedness.,ml,en
"translate idiom to english: In youth, even a crooked stick looks beautiful.",Youth imparts an automatic illusion of beauty.,en,en
translate idiom to english: To hit the son-in-law.,To blame someone for problems they didn't cause.,en,en
translate idiom to english: బంగారం ఎక్కడ ఉన్నా బంగారమే,A truly talented or good person shines no matter where they are.,te,en
translate idiom to english: One task at a time.,Focus on one thing at a time for the best results.,en,en
translate idiom to english: ఏడు సముద్రాలు దాటినా తప్పించుకోలేరు,Consequences find you no matter how far you run.,te,en
translate idiom to english: कान भरना,To poison someone's mind against another.,hi,en
translate idiom to hindi: Familiarity breeds contempt; undervaluing what one has.,घर की मुर्गी दाल बराबर,en,hi
translate idiom to english: పిచ్చుక మీద బ్రహ్మాస్త్రం,Using a massively disproportionate response to a tiny problem.,te,en
translate idiom to english: ഒറ്റ അടിക്ക് ഒരു കല്ല് ഇളകില്ല,Persistent effort is needed; one attempt is rarely enough.,ml,en
translate idiom to english: बड़े बुज़ुर्गों की बात माननी चाहिए,The advice of experienced people should be respected.,hi,en
translate idiom to english: ആട്ടിൻ തോലിട്ട ചെന്നായ,Someone who pretends to be harmless or good but is actually dangerous.,ml,en
translate idiom to malayalam: The protector turning into the predator.,വേലി തന്നെ വിളവു തിന്നുക (Veli thanne vilavu thinnuka),en,ml
translate idiom to hindi: To take a massive risk.,जान पर खेलना,en,hi
"translate idiom to telugu: Doing something wrong secretly, foolishly believing no one notices.",పిల్లి కళ్ళు మూసుకుని పాలు తాగుతూ... (Pilli kallu musukuni paalu thaguthu...),en,te
translate idiom to english: A full pot doesn't spill.,A truly wise and knowledgeable person is calm and doesn't show off.,en,en
translate idiom to english: ആകാശം ഇടിഞ്ഞാലും അമ്മ ആകാശം,A mother's love and importance is irreplaceable no matter what.,ml,en
translate idiom to english: Use a ghost to get rid of a ghost.,Fight fire with fire; use the opponent's own method against them.,en,en
translate idiom to english: ചക്ക വേരിൽ തൊടുമ്പോൾ കൊതി,Craving or planning for something prematurely before it is ready.,ml,en
translate idiom to english: The one with energy will eat.,The active and driven person will always find a way to survive and thrive.,en,en
"translate idiom to malayalam: Extraordinary power or capacity, suited only to the strongest.",ആനയ്ക്ക് ആനക്കരുത്ത്,en,ml
translate idiom to english: తాడెత్తు ఎదిగినా బుద్ధెత్తు లేదు (Thaadetthu edigina buddhetthu ledu),Physical growth without corresponding mental maturity.,te,en
translate idiom to malayalam: An attempt to improve a situation made it disastrously worse.,വെളുക്കാൻ തേച്ചത് പാണ്ടായി (Velukkan thechathu paandaayi),en,ml
translate idiom to english: No one remembers anyone.,People are forgotten quickly once they are gone or no longer useful.,en,en
translate idiom to english: నీటిలో రాతలు (Neetilo raathalu),"Something that is fleeting, impermanent, or useless.",te,en
translate idiom to english: Those who don't listen when told will suffer.,Ignoring advice leads to regret.,en,en
translate idiom to english: కలలు కనడం,To aspire or hope for something better.,te,en
translate idiom to hindi: To be extremely worried or anxious.,रातों की नींद हराम होना,en,hi
translate idiom to english: जो गरजते हैं वो बरसते नहीं,People who make the most noise rarely follow through with action.,hi,en
translate idiom to malayalam: You should adapt to the customs and trends of the society you live in.,നാട് ഓടുമ്പോൾ നടുവേ ഓടണം (Naadu odumbol naduve odanam),en,ml
translate idiom to english: Crowing together in a flock does not help.,Collective noise without action or unity of purpose achieves nothing.,en,en
translate idiom to english: Nine plus two equals eleven.,To flee or escape quickly.,en,en
translate idiom to english: ഒഴുകുന്ന വെള്ളം ദോഷം ചെയ്യില്ല,A person who keeps moving and adapts does not stagnate or become corrupted.,ml,en
"translate idiom to english: There is sound, but no strength.",All talk and no capability; noise without substance.,en,en
translate idiom to english: Speaking openly is different from actually doing.,There is a big gap between what people say and what they do.,en,en
translate idiom to telugu: Evaluate something carefully before fully committing.,తినే ముందు రుచి చూడు,en,te
translate idiom to telugu: Practical experience teaches better than any instruction.,అనుభవం అన్నింటికీ గురువు,en,te
translate idiom to english: ആരും ആരെ ഓർക്കില്ല,People are forgotten quickly once they are gone or no longer useful.,ml,en
"translate idiom to english: హంస నడక రాక, తన నడక మర్చిపోయినట్లు (Hamsa nadaka raaka, thana nadaka marchipoyinatlu)",Losing your originality while trying to imitate someone else.,te,en
translate idiom to hindi: Live within your means; don't spend beyond what you have.,चादर देखकर पैर फैलाओ,en,hi
translate idiom to english: ദൂരെ ഉള്ള മലക്ക് പച്ചപ്പ്,Things appear better from a distance than up close.,ml,en
"translate idiom to english: If the end is good, everything is good.",A good outcome justifies the entire process; all's well that ends well.,en,en
translate idiom to telugu: A person must always keep their promise.,ఆడిన మాట తప్పకు,en,te
translate idiom to english: Not every tree bears mangoes.,Not everyone you meet will be helpful or valuable.,en,en
translate idiom to telugu: Giving something valuable to someone who doesn't know how to use it.,కోతికి కొబ్బరికాయ ఇచ్చినట్లు (Kothiki kobbarikaya ichinatlu),en,te
translate idiom to english: Moonlight in the forest.,Wasted effort or beauty that goes unappreciated.,en,en
"translate idiom to english: After trust is gone, there is nothing left.","Once trust is broken, a relationship has no foundation.",en,en
translate idiom to english: What is not inside cannot be seen outside.,A person can only show outwardly what they truly possess within.,en,en
"translate idiom to english: If you eat slowly, you can even eat a palm tree.","With patience and perseverance, you can achieve impossible things.",en,en
translate idiom to malayalam: Life's basic rhythms continue regardless of circumstances; things normalize.,"ഭക്ഷണം ഭക്ഷിക്കും, ഉറക്കം ഉറക്കും",en,ml
translate idiom to telugu: Stay focused and keep yourself under control.,ఒళ్ళు దగ్గర పెట్టుకో,en,te
translate idiom to english: अक्ल बड़ी या भैंस,Brains are more valuable than brute strength or size.,hi,en
translate idiom to english: A chant for a snake bite.,A desperate or last-resort remedy applied when all else has failed.,en,en
translate idiom to hindi: Idle people tend to get into trouble or think harmful thoughts.,खाली दिमाग शैतान का घर,en,hi
translate idiom to english: Abandons the half to chase the whole; gets neither half nor whole.,Greedily chasing more while abandoning what you have leads to total loss.,en,en
translate idiom to hindi: Appearances can be deceptive; not everything attractive is valuable.,हर चमकने वाली चीज़ सोना नहीं होती,en,hi
translate idiom to english: अंधे के हाथ बटेर,"Getting something valuable purely by luck, without deserving or knowing it.",hi,en
translate idiom to english: Think before you make a mistake.,Foresight and caution prevent regret.,en,en
translate idiom to english: What is a bathing step to a water hen?,A person who is always wandering has no fixed home or boundaries.,en,en
translate idiom to malayalam: A hypocritical remedy offered by someone who caused the harm in the first place.,ആടിനെ ചതിച്ചവൻ കൊടുക്കാൻ വന്ന മരുന്ന്,en,ml
translate idiom to english: കാട്ടിലെ തടി തേവരുടെ ആന (Kaattile thadi thevarude aana),Carelessly spending or destroying property that belongs to someone else.,ml,en
translate idiom to malayalam: A person who keeps moving and adapts does not stagnate or become corrupted.,ഒഴുകുന്ന വെള്ളം ദോഷം ചെയ്യില്ല,en,ml
translate idiom to hindi: To deliberately annoy someone while staying close to them.,छाती पर मूंग दलना,en,hi
translate idiom to english: Sitting under a tree.,To take shelter or rest.,en,en
translate idiom to malayalam: Be content with what you have instead of craving more.,ഉള്ള ഊണ് ഉണ്ടു ജീവിക്കൂ,en,ml
translate idiom to telugu: Crying over spilt milk; taking precautions when it is too late.,చేతులు కాలాక ఆకులు పట్టుకున్నట్లు (Chetulu kalaka aakulu pattukunnatlu),en,te
translate idiom to english: Whoever has the stick owns the buffalo.,Power belongs to those who are strongest; might is right.,en,en
translate idiom to malayalam: Anything without a strong foundation will eventually collapse.,വേരില്ലാത്ത മരം വീഴും,en,ml
translate idiom to english: Habits formed in the cradle last till the funeral pyre.,Old habits die hard.,en,en
translate idiom to english: काठ की हाँडी बार बार नहीं चढ़ती,A trick or deception can only work once.,hi,en
"translate idiom to malayalam: When an undeserving person gets sudden wealth, they show off foolishly.",അൽപ്പന് അർത്ഥം കിട്ടിയാൽ അർദ്ധരാത്രിക്ക് കുട പിടിക്കും (Alpanu artham kittiyal ardharathrikku kuda pidikkum),en,ml
"translate idiom to telugu: A smiling, cheerful person is naturally attractive and admirable.",నవ్విన నోరే నగలు,en,te
translate idiom to english: ఒకరి నొప్పి ఒకరికి తెలియదు,You can never fully understand someone else's suffering.,te,en
translate idiom to english: పాపం పండిన తరువాత తెలుస్తుంది,The consequences of wrong actions become clear only with time.,te,en
translate idiom to hindi: Live within your means; do not overextend yourself.,जितनी चादर हो उतने पाँव पसारो,en,hi
translate idiom to english: पहाड़ खोदकर चूहा निकालना,Enormous effort yielding a completely trivial result.,hi,en
translate idiom to hindi: Finding a solution that satisfies all parties without loss.,सांप भी मर जाए और लाठी भी न टूटे,en,hi
translate idiom to english: ఎత్తైన చెట్టుకు గాలి ఎక్కువ,"The more prominent you are, the more challenges and criticism you face.",te,en
translate idiom to malayalam: Unsolicited advice is unwelcome and disrespectful.,ചോദിക്കാതെ ഉപദേശം കൊടുക്കരുത്,en,ml
translate idiom to english: ముందే తెలిస్తే మందు వేసుకుందురు,Foresight would have prevented the problem.,te,en
translate idiom to malayalam: Adapt your actions according to the changing circumstances.,കാറ്റിനൊത്ത് പായ വിരിക്കുക (Kaattinothu paaya virikkuka),en,ml
translate idiom to english: The one who loses must run twice as fast.,"After a failure, you must work twice as hard to recover.",en,en
translate idiom to telugu: A novice lacks a sense of timing or etiquette in their new role.,కొత్త బిచ్చగాడు పొద్దెరగడు (Kottha bicchagadu podderagadu),en,te
"translate idiom to english: തൊഴിൽ ഉള്ളവന് തൊഴിൽ, ഇല്ലാത്തവന് ഇരപ്പ്",Skills determine your livelihood and dignity.,ml,en
translate idiom to malayalam: Great things take time and sustained effort.,ഒരൊറ്റ ദിവസം കൊണ്ട് നഗരം പണിതില്ല,en,ml
translate idiom to english: Badly trapped.,To be caught in a very difficult situation with no easy exit.,en,en
translate idiom to english: हाथ मलना,To regret.,hi,en
translate idiom to telugu: Humility is a key quality of truly successful people.,వినయం ఉన్నవాడికే విజయం,en,te
translate idiom to english: To get into water.,To face difficulties or challenges.,en,en
translate idiom to malayalam: A person's influence or fortune shifts over time and context.,"ഒരു ദിക്കിൽ ഉദിക്കും, മറ്റൊരു ദിക്കിൽ അസ്തമിക്കും",en,ml
translate idiom to english: శివుని ఆజ్ఞ లేనిదే చీమైనా కుట్టదు (Shivuni aagna lenide cheemaina kuttadu),Everything happens according to the will of God.,te,en
"translate idiom to hindi: Real friendship is proven in difficult times, not easy ones.",सच्चा दोस्त वही जो मुसीबत में काम आए,en,hi
translate idiom to english: కంటికి కనిపించే లోపమే కాదు లోపం,Hidden flaws can be more serious than obvious ones.,te,en
translate idiom to english: Horns that came later are sharper than the ears that came first.,Newcomers or juniors outshining the seniors.,en,en
"translate idiom to english: Speech is silver, silence is gold.",Knowing when to stay silent is more valuable than speaking.,en,en
translate idiom to english: తాగిన నీళ్ళు తిరగేయకూడదు,Do not be ungrateful for what you have received.,te,en
translate idiom to english: കരിയില കൊണ്ട് കൊള്ളി ഉണ്ടാക്കാം,Even something small or insignificant can be made useful.,ml,en
translate idiom to english: పాలు తాగి రొమ్ము గుద్దినట్లు (Paalu thaagi rommu gudhinatlu),Biting the hand that feeds you.,te,en
translate idiom to english: Blowing a conch in front of a deaf person.,Wasting words on someone who refuses to listen or understand.,en,en
translate idiom to english: To be swaying.,To be unstable or wavering.,en,en
translate idiom to english: Gold is gold wherever it is.,A truly talented or good person shines no matter where they are.,en,en
translate idiom to telugu: True hospitality means putting others' preferences before your own.,"తనకు నచ్చింది తినడం, ఇతరులకు నచ్చింది పెట్టడం",en,te
translate idiom to english: ഒരിക്കൽ കത്തിയ വിളക്ക് വീണ്ടും കത്തും,Someone who was once great can rise again.,ml,en
translate idiom to hindi: Something is fishy.,दाल में काला होना,en,hi
translate idiom to hindi: To compete or confront.,टक्कर खाना,en,hi
translate idiom to english: Like a line drawn on water.,Something that disappears instantly; fleeting and impermanent.,en,en
translate idiom to english: Walls have ears.,Confidential matters may be overheard.,en,en
translate idiom to english: To flow in the river.,To go with the flow or adapt.,en,en
translate idiom to english: Extracting ghee with a crooked finger.,Using indirect or clever means to achieve something that won't yield to a direct approach.,en,en
translate idiom to english: ചക്ക വീണത് മുയൽ ചത്തത് (Chakka veenathu muyal chathathu),A pure coincidence mistaken for cause and effect.,ml,en
translate idiom to english: ఎక్కడ పడితే అక్కడ పడవు,Success is not accidental; it requires the right conditions and effort.,te,en
translate idiom to english: A painted jackal.,A deceiver or hypocrite.,en,en
translate idiom to english: हर चमकती चीज़ सोना नहीं होती,Appearances can be deceptive; do not judge by looks alone.,hi,en
"translate idiom to english: The earth revolves, the person stands still.","The world keeps changing and moving, but stubborn people refuse to adapt.",en,en
translate idiom to english: To see and hear.,To be aware of something.,en,en
translate idiom to english: अंग-अंग ढीला होना,To be extremely tired.,hi,en
"translate idiom to malayalam: Some people only learn their lesson the hard way, through painful experience.",കണ്ടതറിയാത്തവൻ കൊണ്ടതറിയും (Kandathariyathavan kondathariyum),en,ml
translate idiom to english: आज का काम कल पर मत छोड़ो,Procrastination leads to accumulation of problems.,hi,en
translate idiom to english: Eating jaggery but avoiding the fried sweet made from it.,Accepting something while hypocritically rejecting something essentially the same.,en,en
"translate idiom to english: Take with one hand, give with the other.",Giving and taking should be balanced; no one-sided relationships.,en,en
translate idiom to english: Celebrate like Onam with whatever is available.,Make the best out of what you have.,en,en
translate idiom to hindi: What others have always seems better than what you have.,उस पार की घास हरी होती है,en,hi
translate idiom to english: नाच न जाने आँगन टेढ़ा,Blaming external factors for one's own incompetence.,hi,en
translate idiom to english: उल्टा चोर कोतवाल को डांटे,The pot calling the kettle black.,hi,en
translate idiom to malayalam: A true partner must keep pace and not fall behind or race ahead.,കൂടെ ഉള്ളവൻ ഒപ്പം നടക്കണം,en,ml
translate idiom to english: Not fitting into oneself while blossoming.,To be extremely happy.,en,en
translate idiom to english: पानी में रहकर मगरमच्छ से बैर नहीं,Avoid conflict with those who have power over you.,hi,en
translate idiom to english: What use is regret when the bird has already eaten the field?,Regret is useless after the damage is already done.,en,en
translate idiom to english: പുലിവാല് പിടിച്ചതുപോലെ (Pulivaalu pidichathupole),Being caught in a dangerous situation where you can neither hold on nor let go.,ml,en
"translate idiom to english: Even if the head is cut, the smile won't fade.",A deeply ingrained habit or characteristic persists until the very end.,en,en
translate idiom to english: The fence grazing the crop.,The protector turning into the predator.,en,en
translate idiom to telugu: Every parent thinks their child is the best regardless of reality.,కాకికి తన పిల్ల బంగారు పిల్ల,en,te
translate idiom to english: ഒരു പ്രശ്നത്തിന് ആയിരം ഉത്തരം,There is always more than one way to solve a difficulty.,ml,en
"translate idiom to english: As you sow, so shall you reap.",Your actions determine your consequences.,en,en
translate idiom to malayalam: Someone who simply goes along with whatever is happening without independent thought.,ഒഴുക്കിൽ ചേരുന്ന മീൻ,en,ml
"translate idiom to english: గుడిని, గుడిలో లింగాన్ని మింగే రకం (Gudini, gudilo linganni minge rakam)",An extremely corrupt and greedy person.,te,en
translate idiom to malayalam: Health is more valuable than any wealth.,ആരോഗ്യമേ മഹാഭാഗ്യം,en,ml
translate idiom to english: ముందొచ్చిన చెవుల కన్నా వెనకొచ్చిన కొమ్ములు వాడి (Mundochina chevula kanna venakochina kommulu vaadi),Newcomers or juniors outshining the seniors.,te,en
translate idiom to english: అందంగా ఉన్న పువ్వుకు ముళ్ళు ఉంటాయి,Attractive or desirable things often come with hidden difficulties.,te,en
translate idiom to english: What is today may not be tomorrow.,"Wealth, power, and circumstances are impermanent.",en,en
translate idiom to english: Selling fruits by taking the name of the tree.,Using someone else's famous name or brand to benefit yourself.,en,en
translate idiom to malayalam: A win-win situation where advice perfectly matches desires.,വൈദ്യൻ കല്പിച്ചതും രോഗി ഇച്ഛിച്ചതും പാല് (Vaidyan kalpichathum rogi ichichathum paalu),en,ml
translate idiom to telugu: Genius is not always inherited.,పండిత పుత్ర శుంఠ (Pandita putra shuntha),en,te
"translate idiom to malayalam: A completely chaotic, mismatched, or absurd situation.",കാക്കയ്ക്കും കോഴിക്കും കല്ല്യാണം (Kaakkakkum kozhikkum kallyaanam),en,ml
translate idiom to english: అన్నం పెట్టిన చేతిని కొరకడం,Betraying the person who helped or nourished you.,te,en
"translate idiom to english: One life in the body, one fear inside.",A person who has done wrong lives in constant fear of being exposed.,en,en
translate idiom to english: ఏకు మేకై కూర్చున్నట్లు (Eku mekai kurchunnatlu),Something insignificant becoming a huge nuisance or threat over time.,te,en
translate idiom to english: To become a sweet-talker from one's own mouth.,To blow one's own trumpet; self-praise.,en,en
translate idiom to telugu: Careless words cause harm; pause before speaking.,"ముందు ఆలోచించు, తరువాత మాట్లాడు",en,te
translate idiom to english: A cumin seed in a camel's mouth.,A completely insufficient amount for a large need.,en,en
translate idiom to english: हाथ कटे बाद पछतावा क्या,Regretting after the damage is done is useless.,hi,en
translate idiom to english: ചക്കിക്കൊത്ത ചങ്കരൻ (Chakkikkotha Chankaran),"Made for each other, usually used for two similarly flawed people.",ml,en
translate idiom to english: ഒന്നിൽ തുടങ്ങിയവൻ ഒടുവിൽ ജയിക്കും,Persistent consistent effort leads to eventual success.,ml,en
translate idiom to english: No use crying over a ruined crop.,Lamenting over what is already lost changes nothing.,en,en
translate idiom to english: ఉన్న మాట చెబితే ఉలుకెక్కువ (Unna maata chebithe ulukekkuva),People get angry when confronted with the bitter truth.,te,en
translate idiom to english: A single blow will not dislodge a stone.,Persistent effort is needed; one attempt is rarely enough.,en,en
translate idiom to english: A wise man is respected everywhere.,Knowledge and talent will bring respect regardless of location.,en,en
"translate idiom to english: When caution leaves, accidents happen.",A moment of carelessness is all it takes for disaster to strike.,en,en
translate idiom to english: కొత్త బిచ్చగాడు పొద్దెరగడు (Kottha bicchagadu podderagadu),A novice lacks a sense of timing or etiquette in their new role.,te,en
translate idiom to english: പാലം കടക്കുവോളം നാരായണ നാരായണ (Paalam kadakkuvolam Narayana Narayana),Acting humble and devoted only as long as you are in danger or need help.,ml,en
translate idiom to hindi: Something or someone that is famous but disappointing in reality.,नाम बड़े दर्शन छोटे,en,hi
translate idiom to malayalam: Wealth and women are the root causes of all conflicts in the world.,കനകം മൂലം കാമിനി മൂലം (Kanakam moolam kaamini moolam),en,ml
translate idiom to english: A squint is better than blindness.,Something is better than nothing.,en,en
translate idiom to hindi: To stand firm on an issue.,धरना देना,en,hi
translate idiom to english: A wedding between a crow and a chicken.,"A completely chaotic, mismatched, or absurd situation.",en,en
translate idiom to malayalam: A foolish action creates cascading problems.,മൂർഖൻ ഒരു ദോഷം ചെയ്‌താൽ നൂറ് ദോഷം ഉണ്ടാകും,en,ml
translate idiom to english: The past is past.,Let bygones be bygones; don't dwell on the past.,en,en
translate idiom to telugu: The value of trust is realized only when it is broken.,నమ్మకం నష్టపోయిన తర్వాత తెలుస్తుంది,en,te
translate idiom to english: छोटा मुँह बड़ी बात,Speaking beyond one's standing or experience.,hi,en
translate idiom to english: ആർക്കും ആർക്കും ഉള്ളതല്ല,Shared or public things are often neglected by everyone.,ml,en
translate idiom to telugu: Adding insult to injury.,పుండు మీద కారం చల్లినట్లు (Pundu meeda kaaram challinatlu),en,te
translate idiom to english: Experience is the seventh sense.,True wisdom comes from personal experience.,en,en
translate idiom to english: తల్లి మాట వినని వాడికి తర్వాత పశ్చాత్తాపం,Ignoring wise counsel from those who care about you leads to regret.,te,en
"translate idiom to english: One word, a thousand wars.",A single careless word can cause enormous conflict.,en,en
translate idiom to english: തലക്കനം വന്നാൽ തറയറിയില്ല (Thalakkanam vannal tharayariyilla),"When success goes to someone's head, they forget their humble beginnings.",ml,en
translate idiom to hindi: Eliminating the source of a problem stops it completely.,न रहेगा बाँस न बजेगी बाँसुरी,en,hi
translate idiom to english: Do not betray the house whose salt you have eaten.,Never betray those who have fed and sheltered you.,en,en
translate idiom to english: Ghosts of kicks don't listen to words.,"Some people only respond to force, not reason.",en,en
translate idiom to telugu: Things look better or easier from far away than they actually are.,దూరపు కొండలు నునుపు,en,te
"translate idiom to malayalam: If you are wealthy or successful, people will find you no matter where you are.",പത്തായത്തിൽ നെല്ലുണ്ടെങ്കിൽ എലി വയനാട്ടിൽ നിന്നും വരും (Pathayathil nellundengil eli wayanattil ninnum varum),en,ml
"translate idiom to english: First bitter gourd, then topped with neem.",A bad situation made even worse by adding another negative element.,en,en
translate idiom to malayalam: The active and driven person will always find a way to survive and thrive.,ഊർജ്ജം ഉള്ളവൻ ഉണ്ണും,en,ml
translate idiom to english: నీడలో కూర్చుని ఎండను చూపించడం,Giving advice about hardship you have never experienced yourself.,te,en
translate idiom to telugu: Creating a fraudulent disguise or deceiving cleverly.,మసి పూసి మారేడు కాయ చేసినట్లు (Masi poosi maredu kaya chesinatlu),en,te
translate idiom to telugu: Novelty is appealing at first but fades with time.,కొత్త బిందె కొత్తగా ఉంటుంది,en,te
translate idiom to telugu: A truly talented or good person shines no matter where they are.,బంగారం ఎక్కడ ఉన్నా బంగారమే,en,te
translate idiom to english: बिल्ली के भाग्य से छींका टूटा,Getting something by sheer luck rather than effort or deserve.,hi,en
translate idiom to english: Cold iron cuts hot iron.,Calm and patience can overcome aggression and anger.,en,en
translate idiom to english: जमीन आसमान एक करना,To put in an immense effort.,hi,en
translate idiom to english: To be the star of the eye.,To be the apple of someone's eye; very dear.,en,en
translate idiom to malayalam: Someone who was once great can rise again.,ഒരിക്കൽ കത്തിയ വിളക്ക് വീണ്ടും കത്തും,en,ml
translate idiom to english: Diwali does not come every day.,Good times and celebrations do not last forever; enjoy them while they last.,en,en
"translate idiom to english: If a mean person gets wealth, he will hold an umbrella at midnight.","When an undeserving person gets sudden wealth, they show off foolishly.",en,en
translate idiom to english: కంటికి రెప్పలా కాపాడు,To protect something with the utmost care.,te,en
translate idiom to english: बंदर क्या जाने अदरक का स्वाद,A person cannot appreciate something beyond their understanding.,hi,en
"translate idiom to english: Not the servant's work, but a friend's work.",A true friend helps you without being asked and without payment.,en,en
translate idiom to malayalam: Do not take things or people for granted; appreciate while you still have them.,ഓർമ്മ ഉള്ളപ്പോൾ ഓർക്കണം,en,ml
"translate idiom to english: What God created, God will destroy.",Everything that exists will eventually end; impermanence is universal.,en,en
translate idiom to telugu: Biting the hand that feeds you.,పాలు తాగి రొమ్ము గుద్దినట్లు (Paalu thaagi rommu gudhinatlu),en,te
translate idiom to english: Smearing ash and passing it off as a bael fruit.,Creating a fraudulent disguise or deceiving cleverly.,en,en
translate idiom to telugu: Biting the hand that feeds you.,ఉపకారికి అపకారం చేయడం (Upakariki apakaram cheyadam),en,te
"translate idiom to english: If no one questions, the temple worker will do anything.","Without oversight or accountability, people will abuse their power.",en,en
translate idiom to english: Even an ant values its life.,"Every living being values its own existence, no matter how small.",en,en
translate idiom to malayalam: Someone who has faced great hardship fears nothing lesser.,മഴ നനഞ്ഞവൻ മഞ്ഞ് ഭയക്കില്ല,en,ml
translate idiom to hindi: Everything should be done at the right moment; timing matters.,हर काम का एक वक्त होता है,en,hi
translate idiom to english: बूँद बूँद से सागर बनता है,Small consistent efforts accumulate into great results.,hi,en
translate idiom to english: The thief scolds the police officer.,The pot calling the kettle black.,en,en
translate idiom to hindi: Good times and celebrations do not last forever; enjoy them while they last.,हर रोज़ दिवाली नहीं होती,en,hi
"translate idiom to english: Easy to say, hard to do.",Actions are always harder than words make them seem.,en,en
"translate idiom to english: A city of darkness, a senseless king.",Complete disorder due to incompetent leadership.,en,en
translate idiom to english: इतना मत सोचो कि कुछ न हो,Overthinking leads to paralysis; sometimes action must replace analysis.,hi,en
"translate idiom to english: If the cow grazes in the field, will the calf graze on the edge?","Like father, like son; children imitate their parents.",en,en
"translate idiom to telugu: A deceptive, self-serving friendship that appears loyal but is not.",నక్క తోకలాంటి స్నేహం,en,te
translate idiom to hindi: Partial knowledge or incompetent expertise is dangerous.,नीम हकीम खतरे जान,en,hi
translate idiom to english: Watching the direction of the wind.,Assessing a situation before taking a position.,en,en
translate idiom to english: Everyone will be needed by someone at some point.,Never look down on anyone; everyone has value and use.,en,en
translate idiom to english: Set the house in order while the lamp is burning.,Make hay while the sun shines; utilize opportunities while they last.,en,en
translate idiom to english: Flowing water causes no harm.,A person who keeps moving and adapts does not stagnate or become corrupted.,en,en
translate idiom to telugu: Speak or act precisely where it hurts or matters the most.,కీలెరిగి వాత పెట్టాలి (Keelerigi vatha pettali),en,te
translate idiom to telugu: A calm surface concealing dangerous tension or conflict underneath.,"పైన నీరు, కింద నిప్పు",en,te
translate idiom to telugu: A chronic complainer or gossip cannot stop their negative behavior.,కాకి కూయడం ఆపదు,en,te
translate idiom to english: To be saved by a hair.,To have a narrow escape.,en,en
"translate idiom to hindi: Wise people learn from others' mistakes, not just their own.",दूसरों का दुख देख कर सीखना,en,hi
translate idiom to english: Not everything that shines is gold.,Appearances can be deceptive; not everything attractive is valuable.,en,en
translate idiom to english: Victory belongs only to the humble.,Humility is a key quality of truly successful people.,en,en
translate idiom to malayalam: Advice given without being asked can do more harm than good.,വേണ്ടാത്ത ഉപദേശം വിഷം,en,ml
translate idiom to english: बातों से पेट नहीं भरता,Promises and talk alone cannot meet real needs.,hi,en
translate idiom to english: Taking a snake sitting on the fence and putting it on the shoulder.,To unnecessarily invite trouble into one's life.,en,en
"translate idiom to malayalam: Everyone has their moment; those who rush tire, those who wait get their turn.",ഓടാത്ത കാൽ ഓടും ഓടിയ കാൽ ക്ഷീണിക്കും,en,ml
translate idiom to english: A friendship that cuts the throat.,A relationship that appears friendly but is actually harmful.,en,en
"translate idiom to english: One life, only once.",Life is short and must not be wasted; make the most of every opportunity.,en,en
translate idiom to english: Even a squirrel does what it can.,Every small contribution matters.,en,en
translate idiom to english: ഒരാൾക്ക് ഒരു ദൈവം,Everyone has their own source of strength or support; don't depend on others entirely.,ml,en
translate idiom to english: A cat standing as witness for a rat.,An untrustworthy or compromised witness; a conflict of interest.,en,en
translate idiom to english: గోడ చెవులు కలిగి ఉంటాయి,Be careful what you say; someone may always be listening.,te,en
translate idiom to english: To be out of oneself.,To lose control due to anger.,en,en
translate idiom to english: जल में रहकर मगर से बैर,Picking a fight with someone you depend on.,hi,en
translate idiom to telugu: Prevention is better than cure.,ముందు జాగ్రత్త మేలు,en,te
"translate idiom to english: Good seed, good harvest.",Good inputs and intentions lead to good outcomes.,en,en
"translate idiom to malayalam: With patience and perseverance, you can achieve impossible things.",പയ്യെ തിന്നാൽ പനയും തിന്നാം (Payye thinnal panayum thinnam),en,ml
translate idiom to english: To eat of the mouth.,To suffer a humiliating defeat.,en,en
translate idiom to english: Eating someone's salt.,Being in someone's debt or under their hospitality; owing loyalty.,en,en
translate idiom to english: ఉపకారికి అపకారం చేయడం (Upakariki apakaram cheyadam),Biting the hand that feeds you.,te,en
translate idiom to malayalam: People remove the means of progress for others once they themselves have benefited.,ഏണിപ്പടി ഒഴിഞ്ഞ ശേഷം ഏണിയെടുക്കും,en,ml
translate idiom to telugu: Procrastination means the task will likely never get done.,ఇప్పుడు చేయనిది ఎప్పుడూ కాదు,en,te
translate idiom to english: నమ్మకం పోయిన తర్వాత ఏమీ లేదు,"Once trust is broken, a relationship has no foundation.",te,en
translate idiom to english: अपना उल्लू सीधा करना,To serve only one's own selfish interests.,hi,en
translate idiom to english: ఒక తప్పు వెయ్యి చిక్కులు,A single error can multiply into countless complications.,te,en
translate idiom to english: उँगली उठाना,To point fingers; blame someone.,hi,en
translate idiom to english: To spew embers.,To speak very harshly or angrily.,en,en
translate idiom to telugu: Meaningful results require real struggle and effort.,కష్టం లేకుండా ఫలం రాదు,en,te
translate idiom to hindi: To exaggerate a story.,नमक मिर्च लगाना,en,hi
translate idiom to english: కష్టపడిన కాలం వృధా కాదు,Every effort made sincerely contributes to future success.,te,en
translate idiom to english: Sitting by killing one's own desires.,Suppressing one's wishes and suffering in silence.,en,en
translate idiom to english: పాల కోసం ఆవు మొత్తం కొనడం,Using disproportionately large means for a small need.,te,en
translate idiom to english: Carrying a cat in the armpit while going to a wedding.,Carrying unnecessary trouble to an auspicious or good event.,en,en
translate idiom to english: ഒന്ന് ചെയ്താൽ ഒന്ന് കിട്ടും,Every action has an equal and corresponding reaction or outcome.,ml,en
translate idiom to malayalam: Hope is what keeps a person going through hardship.,ആശ ഉള്ളിടത്തോളം ജീവൻ,en,ml
"translate idiom to english: Where ghosts gather, God is not present.","Where there is corruption and wrongdoing, goodness cannot thrive.",en,en
translate idiom to english: Do not leave today's work for tomorrow.,Procrastination leads to accumulation of problems.,en,en
translate idiom to english: They will not feed one who does not ask.,You must ask for what you need; nothing is given to the passive.,en,en
translate idiom to malayalam: What you give to others comes back to you.,ഒരു കൈ നൽകിയാൽ ഒരു കൈ തിരിച്ചു കിട്ടും,en,ml
translate idiom to hindi: A situation where both options lead to a bad outcome.,"उगले तो अंधा, निगले तो काना",en,hi
translate idiom to english: ముళ్ళ మీద నడవడం,"Going through a very difficult, painful, or uncomfortable situation.",te,en
translate idiom to english: सफेद झूठ,An obvious or blatant lie.,hi,en
translate idiom to english: Not every moment is the same.,Circumstances change; good and bad times alternate.,en,en
translate idiom to english: पत्थर पर दूब नहीं जमती,A hard-hearted person cannot be made compassionate.,hi,en
translate idiom to telugu: Life and time keep moving regardless of circumstances.,నదిలో నీళ్ళు ఆగవు,en,te
translate idiom to english: మింగలేక కక్కలేక (Mingaleeka kakkaleeka),Being caught in an extremely difficult dilemma.,te,en
"translate idiom to english: To a crow, its own chick is a golden chick.",Every parent thinks their child is the best regardless of reality.,en,en
translate idiom to hindi: Meeting your match; someone cleverer than the clever one.,सेर को सवा सेर,en,hi
translate idiom to telugu: Long effort can be destroyed by a single moment of carelessness.,నెలంతా పండినా ఒక్కరోజు వరదలో కొట్టుకుపోతుంది,en,te
translate idiom to english: To pour ghee in fire.,To aggravate a situation.,en,en
translate idiom to malayalam: Do not engage in or bring home troubles from outside.,ചന്തയിൽ ചെന്ന് ചളി വാരണ്ട,en,ml
translate idiom to english: పోయిన దానికి పస్తులుండటం వద్దు,Do not punish yourself for losses that cannot be recovered.,te,en
translate idiom to english: ఒకే నావలో ఉన్నాం,Everyone in a group shares the same risk or situation.,te,en
"translate idiom to hindi: Once something is over, there is no point dwelling on it.",रात गई बात गई,en,hi
translate idiom to english: വാളെടുക്കുന്നവൻ വാളാൽ (Valedukkunnavan valal),Those who commit violence will eventually suffer from it.,ml,en
translate idiom to english: आँख मूँद कर भरोसा करना,Placing blind faith in someone without critical thought.,hi,en
translate idiom to english: ഏറ്റ ഉത്തരവാദിത്തം ഏറ്റ് നടക്കണം,"Once you accept a duty, you must fulfill it completely.",ml,en
translate idiom to english: ఒళ్ళు దగ్గర పెట్టుకో,Stay focused and keep yourself under control.,te,en
translate idiom to malayalam: Old habits die hard.,ചുട്ടയിലെ ശീലം ചുടല വരെ (Chuttayile sheelam chudala vare),en,ml
translate idiom to malayalam: Who will dare to do the risky task that everyone agrees needs to be done?,പൂച്ചക്ക് ആരു മണി കെട്ടും,en,ml
"translate idiom to english: Dug a mountain, out came a mouse.",Great effort or expectation resulting in a very small outcome.,en,en
translate idiom to malayalam: Do not destroy the very thing that supports you.,ഇരിക്കുന്ന കൊമ്പ് മുറിക്കരുത് (Irikkunna kombu murikkaruthu),en,ml
translate idiom to english: Do not fast over what is lost.,Do not punish yourself for losses that cannot be recovered.,en,en
translate idiom to english: వానలో తడిసిన వాడికి మంచు భయం లేదు,Someone who has endured great hardship is not afraid of lesser challenges.,te,en
translate idiom to telugu: Being stuck in a messy dilemma unable to get out.,కుడితిలో పడ్డ ఎలుక లాగా (Kuditilo padda eluka laaga),en,te
translate idiom to english: Do not go to the market to gather mud.,Do not engage in or bring home troubles from outside.,en,en
translate idiom to english: ఆవు వ్యాకరణం చదివినట్లు (Aavu vyakaranam chadinatlu),Doing something completely out of one's depth or comprehension.,te,en
translate idiom to english: आग बबूला होना,To become extremely angry.,hi,en
translate idiom to telugu: There is a big difference between saying and actually doing.,"మాట మాటే, పని వేరే",en,te
translate idiom to english: Riding a tiger.,Being in a situation you cannot get out of safely.,en,en
translate idiom to english: मुँह की खाना,To suffer a humiliating defeat.,hi,en
translate idiom to english: पाँचों उँगलियाँ बराबर नहीं होतीं,People and things are inherently different; equality is not universal.,hi,en
translate idiom to english: The fruit of hard work is sweet.,The rewards of genuine effort are more satisfying.,en,en
translate idiom to malayalam: A single careless word can cause enormous conflict.,ഒരു വാക്ക് ആയിരം യുദ്ധം,en,ml
translate idiom to english: रात गई बात गई,"Once something is over, there is no point dwelling on it.",hi,en
translate idiom to english: ഒരു ദിവസം ഒരു കഷ്ടം,Life brings a new challenge every day; trouble is relentless.,ml,en
"translate idiom to english: If there is unity, you can sleep even on a pestle.",Any difficult situation is manageable if people stand united.,en,en
translate idiom to english: An umbrella for the respective sun.,Adapting to situations for personal benefit; being an opportunist.,en,en
translate idiom to english: दूर के ढोल सुहावने लगते हैं,Things appear better from a distance than they really are.,hi,en
translate idiom to english: కూసే గాడిద మేసే గాడిదని చెడగొట్టినట్లు (Koose gaadida mese gaadidani chedagottinatlu),Bad company corrupts good character.,te,en
translate idiom to english: Do not cut the branch you are sitting on.,Do not destroy the very thing that supports you.,en,en
translate idiom to malayalam: Focus on one thing at a time for the best results.,ഒരു നേരം ഒരു ജോലി,en,ml
translate idiom to english: नौ दो ग्यारह होना,To flee or escape quickly.,hi,en
"translate idiom to english: తనకు నచ్చింది తినడం, ఇతరులకు నచ్చింది పెట్టడం",True hospitality means putting others' preferences before your own.,te,en
translate idiom to telugu: Admitting fault takes courage and is actually a sign of strength.,తప్పు ఒప్పుకున్నవాడు గెలిచినవాడు,en,te
translate idiom to english: मन की मन में रही,Failing to express one's feelings or desires; a wish left unfulfilled.,hi,en
"translate idiom to english: One pomegranate, a hundred sick people.",Demand is much higher than supply.,en,en
translate idiom to english: A person must be measured by their word.,Integrity and keeping one's word define a person's character.,en,en
translate idiom to english: నక్క తోకలాంటి స్నేహం,"A deceptive, self-serving friendship that appears loyal but is not.",te,en
"translate idiom to english: A tree in the forest, timber in the village.",The same thing has different value in different contexts.,en,en
translate idiom to english: నమ్మకం నష్టపోయిన తర్వాత తెలుస్తుంది,The value of trust is realized only when it is broken.,te,en
translate idiom to english: खोदा पहाड़ निकली चुहिया,Great effort or expectation resulting in a very small outcome.,hi,en
translate idiom to malayalam: Experts or masters are granted exceptions to the rules.,ആശാന് അടുപ്പിലും ആവാം (Aashaanu aduppilum aavam),en,ml
translate idiom to english: నాలుగు దిక్కులా వెతికినా దొరకదు,Something is completely irreplaceable or one of a kind.,te,en
translate idiom to english: కూర్చుంటే కలగాదు నడిస్తే గదా నేల,You learn the truth of a situation only by engaging with it.,te,en
translate idiom to english: आग में कूदना,Knowingly walking into a dangerous or harmful situation.,hi,en
translate idiom to english: One must be educated in young age.,The best time to learn and develop habits is in youth.,en,en
translate idiom to english: लातों के भूत बातों से नहीं मानते,"Some people only respond to force, not reason.",hi,en
translate idiom to hindi: People with little substance or knowledge tend to be the loudest.,खाली बर्तन शोर करते हैं,en,hi
translate idiom to malayalam: Do not meddle in matters that do not concern you.,ദൂരെ ഉള്ളത് ദൂരെ ഇരിക്കട്ടെ,en,ml
"translate idiom to english: అడవిలో చెట్టు, ఊరిలో కలప",The same thing has different value in different contexts.,te,en
translate idiom to english: There is no colour that pleases everyone.,You cannot please everyone; accept that different people have different tastes.,en,en
translate idiom to english: Do not forget at night what you did during the day.,Be consistent in your actions; do not contradict yourself.,en,en
translate idiom to english: കയ്യിൽ ഉള്ളത് കൊണ്ട് കളിക്കൂ,Make the best use of the resources you currently have.,ml,en
translate idiom to english: काला अक्षर भैंस बराबर,Completely illiterate or unable to understand something.,hi,en
translate idiom to english: Fox branding itself after seeing a tiger.,Foolishly imitating someone greater and hurting oneself.,en,en
translate idiom to english: Only the harvest that ripens on time is valuable.,Timeliness is a key part of value; the right thing at the wrong time is useless.,en,en
translate idiom to english: ഇരട്ടി ഫലം ഇരട്ടി അധ്വാനം,Greater rewards demand greater work.,ml,en
translate idiom to malayalam: Make the best use of the resources you currently have.,കയ്യിൽ ഉള്ളത് കൊണ്ട് കളിക്കൂ,en,ml
translate idiom to hindi: Appearing pious and kind while secretly being scheming.,ऊपर से राम राम भीतर से कुटिलता,en,hi
"translate idiom to english: Even if roasted, the smell won't go.",Deep-rooted bad habits cannot be eradicated easily.,en,en
translate idiom to malayalam: Time lost cannot be recovered; act in the present.,കഴിഞ്ഞ കാലം തിരിച്ചു വരില്ല,en,ml
translate idiom to english: To keep life on the palm.,To risk one's life.,en,en
translate idiom to english: Why does a bracelet on the hand need a mirror?,An obvious truth needs no further proof.,en,en
translate idiom to english: आधा तीतर आधा बटेर,Something mixed and inconsistent; neither one thing nor another.,hi,en
"translate idiom to hindi: No matter how hard the current situation, better times will follow.",अच्छे दिन आते हैं,en,hi
translate idiom to english: One problem has a thousand solutions.,There is always more than one way to solve a difficulty.,en,en
translate idiom to english: Search in four directions and you won't find it.,Something is completely irreplaceable or one of a kind.,en,en
translate idiom to english: जो बोया वो काटा,The consequences you face are a direct result of your own actions.,hi,en
translate idiom to english: A straw in the thief's beard.,A guilty person always feels suspicious and exposed.,en,en
translate idiom to malayalam: Outward cheerfulness concealing inner pain or deceit.,ചിരിക്കുന്ന മുഖം ചിരിക്കാത്ത മനസ്സ്,en,ml
translate idiom to english: പാമ്പിന്റെ കാല് പാമ്പറിയും (Paambinte kaalu paambariyum),It takes one to know one; people of similar nature understand each other.,ml,en
translate idiom to english: To bathe in the eye.,To be very close or dear.,en,en
translate idiom to hindi: People are quick to advise others but rarely follow their own counsel.,पर उपदेश कुशल बहुतेरे,en,hi
translate idiom to telugu: Wasted effort or beauty that goes unappreciated.,అడవిలో కాచిన వెన్నెల (Adavilo kaachina vennela),en,te
translate idiom to english: Do not bite the hand that feeds you.,Do not harm or oppose those who support and nourish you.,en,en
"translate idiom to english: The jackfruit fell, the rabbit died.",A pure coincidence mistaken for cause and effect.,en,en
"translate idiom to malayalam: Everyone, great or small, has their own weakness.","ആനയ്ക്ക് ഒരു ദോഷം, കൊതുകിന് ഒരു ദോഷം",en,ml
translate idiom to malayalam: An enemy within your trusted circle is the most dangerous.,കൂടെ ഉള്ള കള്ളൻ,en,ml
translate idiom to english: A straw's support.,A small help in a difficult situation.,en,en
translate idiom to english: They have put their feet toward the cremation ground.,A person who is near death or in an extremely hopeless condition.,en,en
translate idiom to english: The one who admits the mistake is the winner.,Admitting fault takes courage and is actually a sign of strength.,en,en
translate idiom to malayalam: Good health is the foundation of happiness.,ആരോഗ്യം ഉള്ളിടത്ത് ആനന്ദം,en,ml
translate idiom to telugu: A truly exceptional person or thing found in an unlikely place.,రాళ్ళ మధ్య రత్నం,en,te
translate idiom to english: കാറ്റുളളപ്പോൾ പാറ്റണം (Kattullappol pattanam),Make hay while the sun shines; seize the opportunity.,ml,en
translate idiom to english: One who is with you must walk alongside.,A true partner must keep pace and not fall behind or race ahead.,en,en
translate idiom to english: పిల్లలు పెద్దవారి అద్దం,Children reflect the behaviour and values of those who raised them.,te,en
"translate idiom to malayalam: Without oversight or accountability, people will abuse their power.",ചോദിക്കാൻ ആളില്ലെങ്കിൽ അമ്പലവാസി എന്തും ചെയ്യും (Chodikkan aalillengil ambalavaasi enthum cheyyum),en,ml
translate idiom to malayalam: Those who commit violence will eventually suffer from it.,വാളെടുക്കുന്നവൻ വാളാൽ (Valedukkunnavan valal),en,ml
translate idiom to telugu: An untrustworthy or compromised witness; a conflict of interest.,ఎలుకకు పిల్లి సాక్షి (Elukaku pilli sakshi),en,te
translate idiom to english: Keeping a cat in the armpit and searching the whole town.,Searching everywhere for something that is right in front of you.,en,en
translate idiom to english: ആടിനെ ചതിച്ചവൻ കൊടുക്കാൻ വന്ന മരുന്ന്,A hypocritical remedy offered by someone who caused the harm in the first place.,ml,en
translate idiom to telugu: To take risks or venture into unknown territory.,చెట్టు మీద ఎక్కడం,en,te
translate idiom to english: ഓടാത്ത കാൽ ഓടും ഓടിയ കാൽ ക്ഷീണിക്കും,"Everyone has their moment; those who rush tire, those who wait get their turn.",ml,en
translate idiom to english: काम का न काज का दुश्मन अनाज का,A person who is completely useless but consumes resources.,hi,en
translate idiom to telugu: The protector turning into the predator.,కంచే చేను మేసినట్లు (Kanche chenu mesinatlu),en,te
translate idiom to english: ఒక్కో రాళ్ళు కట్టుకుంటే కోట అవుతుంది,Small consistent efforts accumulate into something great.,te,en
translate idiom to english: The past time is past.,Stop dwelling on the past; move forward.,en,en
translate idiom to english: గురువింద గింజ తన నలుపు ఎరుగదు (Guruvinda ginja thana nalupu erugadu),A person ignoring their own faults while criticizing others.,te,en
translate idiom to telugu: Consequences find you no matter how far you run.,ఏడు సముద్రాలు దాటినా తప్పించుకోలేరు,en,te
translate idiom to english: He who climbs a tree must come down one day.,No one can stay at the top forever; pride before a fall.,en,en
translate idiom to english: ఒంటరిగా ఎదిగిన చెట్టు గాలికి విరుగుతుంది,A person without support or community is vulnerable.,te,en
translate idiom to malayalam: Focus on the good in others rather than their flaws.,"ഒരു ദോഷം മറക്കൂ, ഒരു ഗുണം ഓർക്കൂ",en,ml
translate idiom to english: Do not search awake for what you saw in a dream.,Do not chase fantasies or illusions as if they were real.,en,en
translate idiom to english: गुड़ खाओ गुलगुले से परहेज़,Accepting something while hypocritically rejecting something essentially the same.,hi,en
translate idiom to telugu: Small consistent efforts accumulate into something great.,ఒక్కో రాళ్ళు కట్టుకుంటే కోట అవుతుంది,en,te
translate idiom to english: The crow does not stop cawing.,A chronic complainer or gossip cannot stop their negative behavior.,en,en
translate idiom to english: The fox's eyes are always on the chicken coop.,A person with ulterior motives always focuses on their target.,en,en
translate idiom to english: ജോലി ചെയ്യുന്നവൻ ഭക്ഷണം കഴിക്കും,Only those who put in effort will receive their reward.,ml,en
translate idiom to english: The type to swallow the temple and the idol inside.,An extremely corrupt and greedy person.,en,en
translate idiom to english: अपनी करनी याद रखो,Be mindful of your own actions before judging others.,hi,en
translate idiom to english: मुठ्ठी गर्म करना,To give a bribe.,hi,en
translate idiom to hindi: A person whose name or reputation is the complete opposite of reality.,आँख का अंधा नाम नयनसुख,en,hi
translate idiom to malayalam: Familiarity breeds contempt; undervaluing what is easily available.,മുറ്റത്തെ മുല്ലയ്ക്ക് മണമില്ല (Muttathe mullakku manamilla),en,ml
"translate idiom to english: Small boat, small load.",Take on only as much as your capacity allows.,en,en
translate idiom to malayalam: Completely; through and through; from top to bottom.,ഉച്ചി മുതൽ ഉള്ളം കാൽ വരെ,en,ml
translate idiom to english: Speak only as much as can be digested.,Do not say more than you can back up or that others can absorb.,en,en
translate idiom to english: You must climb one step at a time.,Success requires patience and a step-by-step process.,en,en
translate idiom to hindi: To meet face to face; also to fall in love.,आँखें चार होना,en,hi
translate idiom to english: He who takes the honey will lick his fingers.,People managing money or resources will naturally take a small cut for themselves.,en,en
translate idiom to english: చేతులు కాలాక ఆకులు పట్టుకున్నట్టు,Seeking protection or help only after the damage is done.,te,en
"translate idiom to english: After the rain stops, the sun will come.",Hardship is temporary; better times always follow.,en,en
translate idiom to english: Like pouring water on a rock.,Wasted effort on someone who refuses to change or listen.,en,en
translate idiom to english: കണ്ട കണ്ണ് പൂട്ടും,A witness who has seen too much will eventually be silenced.,ml,en
translate idiom to hindi: Suppressing one's wishes and suffering in silence.,मन मारकर बैठना,en,hi
translate idiom to malayalam: A relationship or partnership that is on the verge of complete breakdown.,ഊർദ്ധ്വശ്വാസം വലിക്കുന്ന ബന്ധം,en,ml
translate idiom to english: Silence is consent.,Not speaking up is taken as agreement.,en,en
translate idiom to english: A new beggar doesn't know the time of day.,A novice lacks a sense of timing or etiquette in their new role.,en,en
translate idiom to english: చిన్న నది కూడా పెద్ద సముద్రంలో కలుస్తుంది,Small individual contributions eventually join something much greater.,te,en
translate idiom to english: ഉള്ള ഊണ് ഉണ്ടു ജീവിക്കൂ,Be content with what you have instead of craving more.,ml,en
translate idiom to english: Being left holding a coin-sized face.,Being left embarrassed or disappointed with nothing to show.,en,en
translate idiom to telugu: Money or gains that are spent immediately without saving anything.,చేతికి వచ్చింది జేబులోకి వెళ్ళదు,en,te
translate idiom to malayalam: People will harm those closest to them out of jealousy or rivalry.,ഒരുത്തൻ ഒരുത്തന്റെ കണ്ണ് കുത്തും,en,ml
translate idiom to english: To break the egg.,To take a bold step or risk.,en,en
translate idiom to english: धोबी का कुत्ता न घर का न घाट का,Someone who belongs nowhere; having no fixed place or loyalty.,hi,en
translate idiom to telugu: Exploiting the ignorance of the audience with grand lies.,"వినేవాడు వెర్రివాడైతే, చెప్పేవాడు శివతత్వం చెప్పాడట (Vinevaadu verrivaadaithe, cheppevaadu shivatathvam cheppadata)",en,te
translate idiom to english: గంట కొట్టేవరకూ పని చేయాలి,See a task through to the very end; do not quit before it is done.,te,en
translate idiom to english: ഇലയ്ക്ക് മുന്നേ കായ്,Getting results before putting in the proper foundation or process.,ml,en
translate idiom to english: ഇരട്ടി ദുഃഖം ഇരട്ടി ബലം,Great suffering can build great resilience.,ml,en
translate idiom to malayalam: A deeply ingrained habit or characteristic persists until the very end.,തല പോയാലും ചിരി മാറില്ല (Thala poyalum chiri maarilla),en,ml
translate idiom to english: A lone bird cannot fly far.,Support and companionship are essential for achieving great things.,en,en
translate idiom to hindi: A very difficult task.,टेढ़ी खीर,en,hi
translate idiom to english: A mistake left unspoken grows.,Hiding mistakes makes them worse; confession is better.,en,en
translate idiom to english: Words do not fill the stomach.,Promises and talk alone cannot meet real needs.,en,en
"translate idiom to hindi: Once someone leaves or is not visible, they are quickly forgotten.",आँख ओझल पहाड़ ओझल,en,hi
translate idiom to english: చేతిలో ఉన్న చేప,Something you already have for certain; a guaranteed gain.,te,en
translate idiom to malayalam: Be skeptical; rumors and hearsay are unreliable.,കേട്ടതെല്ലാം വിശ്വസിക്കരുത്,en,ml
translate idiom to english: जितनी चादर हो उतने पाँव पसारो,Live within your means; do not overextend yourself.,hi,en
translate idiom to english: दाना पानी उठ जाना,One's fortune or time at a place coming to an end.,hi,en
translate idiom to english: The guruvinda seed doesn't know its own blackness.,A person ignoring their own faults while criticizing others.,en,en
translate idiom to telugu: It is very difficult to make someone aware who chooses to be ignorant.,నిద్ర పోయిన వాడిని లేపడం కష్టం,en,te
translate idiom to malayalam: Things appear better from a distance than up close.,ദൂരെ ഉള്ള മലക്ക് പച്ചപ്പ്,en,ml
translate idiom to english: Every limb getting loose.,To be extremely tired.,en,en
translate idiom to english: मन मारकर बैठना,Suppressing one's wishes and suffering in silence.,hi,en
translate idiom to malayalam: A motivated and capable person needs no external push.,ഓടുന്ന കുതിരക്ക് ചാട്ടവാർ വേണ്ട,en,ml
translate idiom to english: പത്തായത്തിൽ നെല്ലുണ്ടെങ്കിൽ എലി വയനാട്ടിൽ നിന്നും വരും (Pathayathil nellundengil eli wayanattil ninnum varum),"If you are wealthy or successful, people will find you no matter where you are.",ml,en
translate idiom to english: The cat closes its eyes and drinks milk.,Pretending not to see what is clearly wrong while benefiting from it.,en,en
translate idiom to english: What moves is called a vehicle.,"An active, functional person or thing has value; only those who work are respected.",en,en
translate idiom to english: ഏഴാം അറിവ് അനുഭവമാണ് (Ezham arivu anubhavamaanu),True wisdom comes from personal experience.,ml,en
translate idiom to english: The ripe harvest was lost to the wind.,Losing something valuable at the last moment despite all the hard work.,en,en
translate idiom to malayalam: Never look down on anyone; everyone has value and use.,ആർക്കും ആർക്കും ആവശ്യമാകും,en,ml
translate idiom to telugu: You can never fully understand someone else's suffering.,ఒకరి నొప్పి ఒకరికి తెలియదు,en,te
translate idiom to english: हर रोज़ दिवाली नहीं होती,Good times and celebrations do not last forever; enjoy them while they last.,hi,en
translate idiom to english: Catching with coloured hands.,To catch someone red-handed in the act.,en,en
translate idiom to english: తాడి చెట్టు ఎక్కే వాడిని ఎంత వరకు ఎగదోయాలి (Thaadi chettu ekke vaadini entha varaku egadoyali),"You can only help someone so much; eventually, they must do the work themselves.",te,en
translate idiom to english: Big talk leads to a bowed head.,Boasting leads to embarrassment when you fail to deliver.,en,en
translate idiom to english: വെള്ളം കയറി,To face difficulties or challenges.,ml,en
"translate idiom to english: Even to a crow, its own child is a golden child.","Everyone loves their own offspring dearly, regardless of flaws.",en,en
"translate idiom to english: ആഴ്ചതോറും ആശ, ദിവസം തോറും നിരാശ",Constant unfulfilled expectations leading to chronic disappointment.,ml,en
translate idiom to english: If it gets into the eye.,Something that is very close or personal.,en,en
translate idiom to hindi: To put in an immense effort.,जमीन आसमान एक करना,en,hi
translate idiom to english: कागज की नाव,Something that appears functional but is fundamentally fragile and temporary.,hi,en
translate idiom to malayalam: Be consistent between your words and your actions.,ഒന്ന് പറഞ്ഞ് ഒന്ന് ചെയ്യരുത്,en,ml
"translate idiom to english: As long as there is breath, there is hope.",One should never give up hope while alive.,en,en
translate idiom to english: Like throwing a stone in the dark.,Acting without knowledge or information; shooting blindly.,en,en
translate idiom to hindi: A solid base ensures long-term stability.,नींव मज़बूत हो तो मकान टिकता है,en,hi
translate idiom to hindi: Feeling extremely happy.,दिल बाग-बाग होना,en,hi
"translate idiom to english: ഉണ്ടെങ്കിൽ ഉണ്ണ്, ഇല്ലെങ്കിൽ ഉറക്ക്",Accept what life gives you without complaining.,ml,en
translate idiom to english: పిల్లి లేని ఇంట్లో ఎలుకల పండుగ,"In the absence of authority, those below misbehave freely.",te,en
translate idiom to telugu: Real-life experience teaches better than any instruction.,అనుభవం అన్నిటికంటే పెద్ద గురువు,en,te
translate idiom to english: ചോദിക്കാതെ ഉപദേശം കൊടുക്കരുത്,Unsolicited advice is unwelcome and disrespectful.,ml,en
translate idiom to english: ചന്തയിൽ ചെന്ന് ചളി വാരണ്ട,Do not engage in or bring home troubles from outside.,ml,en
translate idiom to english: The leaf and the thorn sit together.,Good and bad always coexist; you cannot have one without the other.,en,en
translate idiom to english: तलवे चाटना,To flatter or bootlick for personal gain.,hi,en
"translate idiom to telugu: Practice makes perfect, but constant complaining breeds negativity.","తీయగా తీయగా రాగం, మూలగగా మూలగగా రోగం (Theeyaga theeyaga raagam, moolagaga moolagaga rogam)",en,te
translate idiom to english: खिसियानी बिल्ली खंभा नोचे,Taking out one's embarrassment or anger on an unrelated target.,hi,en
translate idiom to english: The one who eats with you will sit with you.,People who share resources and meals with you are your true companions.,en,en
"translate idiom to malayalam: After a failure, you must work twice as hard to recover.",തോറ്റവൻ ഇരട്ടി ഓടണം,en,ml
translate idiom to hindi: To be extremely tired.,थक कर चूर होना,en,hi
translate idiom to english: No need to walk back the same path you walked.,Do not repeat past mistakes or return to what you have moved on from.,en,en
translate idiom to english: ഒറ്റ വൃക്ഷം കൊണ്ട് കാടാവില്ല,One person alone cannot create a major change or movement.,ml,en
translate idiom to telugu: A huge buildup that results in a minor or pathetic outcome.,ఉరుము ఉరుమి మంగలం మీద పడ్డట్టు (Urumu urumi mangalam meeda paddattu),en,te
translate idiom to english: बोया पेड़ बबूल का आम कहाँ से होय,You cannot expect good results from bad actions.,hi,en
translate idiom to hindi: Do good deeds without expecting anything in return.,नेकी कर दरिया में डाल,en,hi
translate idiom to english: Green chilies.,Something that is fresh and lively.,en,en
translate idiom to telugu: A person who boasts more than they actually accomplish.,"చేసేది తక్కువ, చెప్పేది ఎక్కువ",en,te
translate idiom to english: If a bird flies in the sky.,Something that is unlikely to happen.,en,en
translate idiom to english: बिन पानी सब सून,"Without the essential element, nothing else works.",hi,en
translate idiom to english: Showing the hand.,Refusing or turning someone away.,en,en
translate idiom to telugu: Be careful what you say; someone may always be listening.,గోడ చెవులు కలిగి ఉంటాయి,en,te
translate idiom to telugu: Wasting words on someone who refuses to listen or understand.,చెవిటి వాడి ముందు శంఖం ఊదినట్లు (Cheviti vaadi mundu shankham oodinatlu),en,te
translate idiom to hindi: Nothing worthwhile is achieved without hard work.,बिना मेहनत फल नहीं,en,hi
"translate idiom to english: If you have ten coins, you have ten virtues.",Wealth is perceived as a substitute for good character; money changes how people are treated.,en,en
translate idiom to english: It does not truly belong to anyone.,Shared or public things are often neglected by everyone.,en,en
translate idiom to hindi: A person cannot appreciate something beyond their understanding.,बंदर क्या जाने अदरक का स्वाद,en,hi
translate idiom to hindi: To be rarely seen.,ईद का चाँद होना,en,hi
translate idiom to hindi: Casting pearls before swine.,भैंस के आगे बीन बजाना,en,hi
translate idiom to english: అడవిలో ఆకలి తెలుస్తుంది,Hardship reveals what one truly needs and values.,te,en
translate idiom to english: A seer met by one-and-a-quarter seer.,Meeting your match; someone cleverer than the clever one.,en,en
translate idiom to english: Hope only after seeing the person.,Do not count on help until it is actually in front of you.,en,en
translate idiom to telugu: Every effort made sincerely contributes to future success.,కష్టపడిన కాలం వృధా కాదు,en,te
translate idiom to english: What reaches the hand does not go into the pocket.,Money or gains that are spent immediately without saving anything.,en,en
translate idiom to malayalam: To go with the flow or adapt.,പുഴയിൽ ഒഴുകുക,en,ml
translate idiom to english: തേൻ എടുത്തവൻ കൈ നക്കും (Then eduthavan kai nakkum),People managing money or resources will naturally take a small cut for themselves.,ml,en
translate idiom to malayalam: Do not repeat past mistakes or return to what you have moved on from.,നടന്നവഴി തന്നെ തിരിച്ച് നടക്കണ്ട,en,ml
translate idiom to malayalam: Do not count on help until it is actually in front of you.,ആളെ കണ്ടിട്ട് ആശ,en,ml
translate idiom to english: ഇടിവെട്ടിയവനെ പാമ്പ് കടിക്കും,Troubles pile on those who are already suffering.,ml,en
"translate idiom to english: പറഞ്ഞതു ചെയ്യുക, ചെയ്തതു പറയാതിരിക്കുക","Be a person of action and quiet deeds, not empty words.",ml,en
translate idiom to malayalam: A restless person who keeps moving never builds stability.,ഉരുളുന്ന കല്ല് ഒരിടത്ത് ഉറക്കില്ല,en,ml
translate idiom to english: A quail falling into a blind man's hands.,Getting something valuable without the necessary qualifications.,en,en
translate idiom to telugu: Dismissing something as bad simply because it is unattainable.,అందని ద్రాక్ష పుల్లన,en,te
translate idiom to hindi: Life is unpredictable; roles and circumstances keep reversing.,कभी नाव गाड़ी पर कभी गाड़ी नाव पर,en,hi
translate idiom to english: കടലാഴം അറിഞ്ഞ് ഇറങ്ങണം,Understand the risks before committing to something.,ml,en
translate idiom to english: నీళ్ళు వచ్చినప్పుడే కాలువ తవ్వాలి,Take advantage of an opportunity when it is available.,te,en
translate idiom to english: ഉണ്ണി ആകുമ്പോൾ ശീലിക്കണം,Good habits must be cultivated from a young age.,ml,en
translate idiom to english: One glance is equal to a thousand words.,A look can communicate what no amount of words can.,en,en
translate idiom to telugu: To acknowledge or validate good work.,మంచి పనికి ముద్ర వేయడం,en,te
translate idiom to malayalam: Good habits must be cultivated from a young age.,ഉണ്ണി ആകുമ്പോൾ ശീലിക്കണം,en,ml
translate idiom to hindi: A moment of carelessness is all it takes for disaster to strike.,सावधानी हटी दुर्घटना घटी,en,hi
translate idiom to english: నదిలో రాయి ఎంత కాలమైనా మెత్తగా అవుతుంది,Persistent exposure gradually changes even the hardest of things.,te,en
"translate idiom to telugu: True friends are revealed in hard times, not easy ones.","కష్టకాలంలో కాదు, సుఖకాలంలో స్నేహితులు తెలుస్తారు",en,te
translate idiom to english: ഒരു കൈ കൊണ്ട് കൈയടിക്കില്ല,A conflict or collaboration requires both parties.,ml,en
translate idiom to english: రాత్రి అయితే గానీ రంగులు తెలియవు (Rathri ayithe gaani rangulu theliyavu),True colors or difficulties are only revealed during tough times.,te,en
translate idiom to english: डूबते को तिनके का सहारा,A drowning man catches at a straw.,hi,en
translate idiom to english: Tearing your own stomach drops things on your feet.,Washing dirty linen in public only brings shame to your own family.,en,en
translate idiom to english: దీపం ఉండగానే ఇల్లు చక్కబెట్టుకోవాలి (Deepam undagane illu chakkabettukovali),Make hay while the sun shines; utilize opportunities while they last.,te,en
translate idiom to english: കൂർമ്മ ബുദ്ധി ഉള്ളവൻ കുഴിയിൽ വീഴില്ല,Intelligence and foresight keep you out of trouble.,ml,en
translate idiom to english: What does a monkey know of ginger?,Someone is unaware of the value or significance of something.,en,en
translate idiom to telugu: An extremely corrupt and greedy person.,"గుడిని, గుడిలో లింగాన్ని మింగే రకం (Gudini, gudilo linganni minge rakam)",en,te
translate idiom to english: To be the moon of Eid.,To be rarely seen.,en,en
translate idiom to english: తప్పు చేసే ముందు ఆలోచించు,Foresight and caution prevent regret.,te,en
translate idiom to hindi: Getting something by sheer luck rather than effort or deserve.,बिल्ली के भाग्य से छींका टूटा,en,hi
translate idiom to english: Sleep of nights becoming forbidden.,To be extremely worried or anxious.,en,en
translate idiom to hindi: Circumstances change; good and bad times alternate.,हर घड़ी एक सी नहीं होती,en,hi
translate idiom to hindi: Escaping one problem only to land in another.,आसमान से गिरा खजूर में अटका,en,hi
translate idiom to malayalam: A small event can cause disproportionately large problems.,"ചെറിയ മഴ, വലിയ ചളി",en,ml
translate idiom to english: അരയ്ക്കുന്ന കല്ല് പൊടിക്കും (Araykkunna kall podikkum),Consistent hard work will eventually yield results.,ml,en
translate idiom to english: अक्ल पर पत्थर पड़ना,To lose one's senses.,hi,en
"translate idiom to english: If known in advance, they would have taken medicine.",Foresight would have prevented the problem.,en,en
"translate idiom to english: If the mouth is good, the village is good.",Kind and careful speech creates goodwill everywhere you go.,en,en
translate idiom to english: The wise man walks alone.,Truly wise people do not need the crowd's validation.,en,en
translate idiom to english: आग में घी डालना,To aggravate a situation.,hi,en
translate idiom to english: Think too much and nothing will happen.,Overthinking prevents action and progress.,en,en
translate idiom to english: తలలు బోడులైనా తలపులు బోడులా (Thalalu bodulaina thalapulu bodulaa),Outward simplicity doesn't mean a lack of intelligence or complex thoughts.,te,en
translate idiom to english: थोथा चना बाजे घना,Those with little knowledge or substance make the most noise.,hi,en
translate idiom to hindi: The outcome depends on your mental attitude and willpower.,मन के हारे हार है मन के जीते जीत,en,hi
translate idiom to english: जहाँ चाह वहाँ राह,Determination creates its own path.,hi,en
translate idiom to malayalam: Deep-rooted bad habits cannot be eradicated easily.,ചുട്ടു തിന്നാലും വാസന പോവില്ല (Chuttu thinnalum vaasana povilla),en,ml
translate idiom to english: నమ్మిన వాడే మోసం చేస్తాడు,Betrayal always comes from those closest to you.,te,en
"translate idiom to english: When you get the chance, take the goods.",Exploit an opportunity without hesitation.,en,en
translate idiom to english: Do not throw back the water you have drunk.,Do not be ungrateful for what you have received.,en,en
translate idiom to malayalam: A person with ulterior motives always focuses on their target.,കുറുക്കന്റെ കണ്ണ് കോഴിക്കൂട്ടിൽ (Kurukkante kannu kozhikkoottil),en,ml
translate idiom to telugu: Success requires patience and a step-by-step process.,ఒక్కో మెట్టు ఎక్కాలి,en,te
translate idiom to telugu: You learn the truth of a situation only by engaging with it.,కూర్చుంటే కలగాదు నడిస్తే గదా నేల,en,te
translate idiom to english: Every task has its own time.,Everything should be done at the right moment; timing matters.,en,en
translate idiom to english: പാല് കുടിച്ച പാമ്പും കടിക്കും (Paalu kudicha paambum kadikkum),A wicked person will betray you even if you treat them well.,ml,en
translate idiom to hindi: Reality is often different from appearances.,जो दिखता है वो होता नहीं,en,hi
"translate idiom to telugu: Everyone loves their own offspring, regardless of their flaws.",కాకి పిల్ల కాకికి ముద్దు (Kaaki pilla kaakiki muddu),en,te
translate idiom to english: The grapes that cannot be reached are sour.,Dismissing something as bad simply because it is unattainable.,en,en
translate idiom to hindi: Something is better than nothing.,भागते भूत की लँगोटी भली,en,hi
translate idiom to telugu: Expert knowledge is only understood by those with experience in the field.,తెలిసిన వాడికే తెలుసు,en,te
translate idiom to malayalam: Accept what life gives you without complaining.,"ഉണ്ടെങ്കിൽ ഉണ്ണ്, ഇല്ലെങ്കിൽ ഉറക്ക്",en,ml
translate idiom to hindi: You cannot expect good results from bad actions.,बोया पेड़ बबूल का आम कहाँ से होय,en,hi
translate idiom to english: To play on life.,To take a massive risk.,en,en
translate idiom to english: ഉള്ളിൽ ഇല്ലാത്തത് വെളിയിൽ കാണില്ല,A person can only show outwardly what they truly possess within.,ml,en
translate idiom to english: A dog's tail put in a pipe for 12 years remains crooked.,You cannot change the fundamental bad nature of a person.,en,en
translate idiom to telugu: Do not be ungrateful for what you have received.,తాగిన నీళ్ళు తిరగేయకూడదు,en,te
translate idiom to telugu: Physical growth without corresponding mental maturity.,తాడెత్తు ఎదిగినా బుద్ధెత్తు లేదు (Thaadetthu edigina buddhetthu ledu),en,te
"translate idiom to english: Where there is health, there is joy.",Good health is the foundation of happiness.,en,en
translate idiom to english: To lick the soles of feet.,To flatter or bootlick for personal gain.,en,en
translate idiom to malayalam: People with little substance make the most noise.,ഒഴിഞ്ഞ പാത്രം ഒച്ച വെക്കും,en,ml
translate idiom to hindi: One decisive action is worth more than a hundred small or weak ones.,सौ सुनार की एक लुहार की,en,hi
translate idiom to english: Only as far as the eye can see.,People tend to only care about or plan for what is immediately visible to them; short-sightedness.,en,en
translate idiom to english: ചുട്ടയിലെ ശീലം ചുടല വരെ (Chuttayile sheelam chudala vare),Old habits die hard.,ml,en
translate idiom to english: കനകം മൂലം കാമിനി മൂലം (Kanakam moolam kaamini moolam),Wealth and women are the root causes of all conflicts in the world.,ml,en
translate idiom to english: कलेजे पर साँप लोटना,To burn with jealousy.,hi,en
"translate idiom to english: If an elephant becomes thin, can it be tied in a cowshed?","Even in decline, a great person or thing retains their inherent stature.",en,en
translate idiom to english: A beautiful vessel is often empty.,Attractive appearances often conceal a lack of real substance.,en,en
"translate idiom to english: ഭൂമി ചുറ്റുന്നു, ആൾ നിൽക്കുന്നു","The world keeps changing and moving, but stubborn people refuse to adapt.",ml,en
"translate idiom to english: First come, first served.",Those who act early get the benefit.,en,en
translate idiom to hindi: Time changes everything; no situation is permanent.,समय बड़ा बलवान,en,hi
translate idiom to hindi: The advice of experienced people should be respected.,बड़े बुज़ुर्गों की बात माननी चाहिए,en,hi
"translate idiom to malayalam: Giving a sharp, fitting counter-reply to a remark.",ഉരുളക്കുപ്പേരി ഉത്തരം,en,ml
"translate idiom to english: చేసేది తక్కువ, చెప్పేది ఎక్కువ",A person who boasts more than they actually accomplish.,te,en
translate idiom to english: A flying bird will land with broken wings.,Pride and overconfidence lead to a hard fall.,en,en
translate idiom to malayalam: Any difficult situation is manageable if people stand united.,ഒരുമയുണ്ടെങ്കിൽ ഉലക്കമേലും കിടക്കാം (Orumayundengil ulakkamelum kidakkam),en,ml
translate idiom to english: One God for one person.,Everyone has their own source of strength or support; don't depend on others entirely.,en,en
translate idiom to hindi: Do not procrastinate; act now.,कल करे सो आज कर,en,hi
translate idiom to english: నీళ్ళు లేని చోట పడవ నడవదు,The right conditions are necessary for any plan to work.,te,en
"translate idiom to english: A smiling face, an unsmiling heart.",Outward cheerfulness concealing inner pain or deceit.,en,en
translate idiom to english: ഒരൊറ്റ ദിവസം കൊണ്ട് നഗരം പണിതില്ല,Great things take time and sustained effort.,ml,en
translate idiom to english: ఇప్పుడు చేయనిది ఎప్పుడూ కాదు,Procrastination means the task will likely never get done.,te,en
translate idiom to english: One should listen to elders.,The advice of experienced people should be respected.,en,en
translate idiom to english: अक्ल का दुश्मन,A foolish person.,hi,en
translate idiom to english: నీళ్ళలో ఉండి మొసలితో కయ్యం,Picking a fight with someone you entirely depend on.,te,en
translate idiom to telugu: Someone who is indecisive and tries to stay neutral when a choice must be made.,గోడమీద పిల్లి,en,te
translate idiom to hindi: To be furious.,लाल पीला होना,en,hi
translate idiom to telugu: Using disproportionately large means for a small need.,పాల కోసం ఆవు మొత్తం కొనడం,en,te
"translate idiom to english: A small boat, a deep sea.",A person with limited ability facing a very large challenge.,en,en
translate idiom to hindi: Working extremely hard with full dedication.,खून पसीना एक करना,en,hi
"translate idiom to english: Water on top, fire below.",A calm surface concealing dangerous tension or conflict underneath.,en,en
translate idiom to english: Striking a matchstick in the forest.,A small action that triggers a massive and uncontrollable consequence.,en,en
"translate idiom to english: If there is no principal, where is the interest?",You cannot expect returns when there is no investment or foundation.,en,en
translate idiom to malayalam: A guilty person panics when they encounter someone who knows the truth.,കള്ളനെ കണ്ടാൽ കള്ളൻ ഓടും,en,ml
translate idiom to english: बड़ा घर पेट में,Capable of keeping secrets; not revealing anything.,hi,en
translate idiom to english: ఏడు కొండలు దాటినా ఊరు చేరడం,Overcoming great obstacles to finally achieve your goal.,te,en
translate idiom to english: Stretch your legs only as far as your blanket reaches.,Live within your means; do not overextend yourself.,en,en
translate idiom to hindi: To give a bribe.,मुठ्ठी गर्म करना,en,hi
translate idiom to telugu: Your actions determine your results.,వేసిన విత్తనమే మొలకెత్తుతుంది,en,te
translate idiom to hindi: To be the apple of someone's eye; very dear.,आँख का तारा होना,en,hi
translate idiom to english: Truth is bitter.,Honest words are often unpleasant but necessary.,en,en
translate idiom to english: പൂവിന്റെ മണം,Something beautiful or pleasant.,ml,en
translate idiom to telugu: Make hay while the sun shines; utilize opportunities while they last.,దీపం ఉండగానే ఇల్లు చక్కబెట్టుకోవాలి (Deepam undagane illu chakkabettukovali),en,te
translate idiom to english: പടപേടിച്ച് പന്തളത്ത് ചെന്നപ്പോൾ അവിടെ പന്തം കൊളുത്തി പട (Pada pedichu panthalathu chennappol avide pantham koluthi pada),Out of the frying pan and into the fire.,ml,en
translate idiom to hindi: To suffer a humiliating defeat.,मुँह की खाना,en,hi
translate idiom to telugu: One must tolerate even small discomforts with patience.,చీమ కుట్టినా తట్టుకోవాలి,en,te
"translate idiom to malayalam: The world keeps changing and moving, but stubborn people refuse to adapt.","ഭൂമി ചുറ്റുന്നു, ആൾ നിൽക്കുന്നു",en,ml
translate idiom to english: കണ്ണിൽ കുളിച്ചാൽ,Something that is very close or personal.,ml,en
translate idiom to english: ఏ చెట్టు పండు తింటే ఆ చెట్టు నీడలో విశ్రమించు,Be loyal to those who sustain you.,te,en
translate idiom to telugu: Lamenting over what is already lost changes nothing.,పాడైన పంటను ఏడ్చి లాభం లేదు,en,te
translate idiom to malayalam: Complaining and lamenting solve nothing; action is needed.,കരഞ്ഞാൽ കിട്ടുന്നതല്ല കാര്യം,en,ml
"translate idiom to english: Ram's name on the lips, a knife under the arm.",Someone who appears pious or friendly but harbors deceitful intentions.,en,en
translate idiom to hindi: To lose control due to anger.,आपे से बाहर होना,en,hi
translate idiom to english: लकीर का फकीर,Someone who blindly follows tradition without thinking.,hi,en
translate idiom to english: To talk to the wind.,To run very fast.,en,en
translate idiom to english: An empty vessel makes noise.,People with little substance make the most noise.,en,en
translate idiom to english: കാറ്റിനൊത്ത് പായ വിരിക്കുക (Kaattinothu paaya virikkuka),Adapt your actions according to the changing circumstances.,ml,en
translate idiom to english: പുഴു തിന്നാത്ത പഴം ഇല്ല (Puzhu thinnatha pazham illa),No one is completely flawless or perfect.,ml,en
translate idiom to telugu: Hidden flaws can be more serious than obvious ones.,కంటికి కనిపించే లోపమే కాదు లోపం,en,te
translate idiom to english: रंगा सियार,A deceiver or hypocrite.,hi,en
translate idiom to telugu: Something that appears useful but has nothing to offer.,నీళ్ళు లేని బావి,en,te
translate idiom to telugu: Showing off outwardly despite extreme inner poverty or lack of substance.,"మింగ మెతుకు లేదు, మీసాలకు సంపెంగ నూనె (Minga methuku ledu, meesalaku sampenga nune)",en,te
translate idiom to malayalam: You cannot change someone's inherent nature with superficial changes.,കാക്ക കുളിച്ചാൽ കൊക്കാകുമോ (Kaakka kulichal kokkakumo),en,ml
translate idiom to telugu: Something that is fresh and lively.,పచ్చి మిరపకాయలు,en,te
translate idiom to english: పుండు మీద కారం చల్లినట్లు (Pundu meeda kaaram challinatlu),Adding insult to injury.,te,en
translate idiom to telugu: The same event can bring happiness to one and pain to another.,ఒకరి ఆనందం ఒకరికి బాధ,en,te
translate idiom to malayalam: Nothing is permanent; circumstances change constantly.,ഇന്നലെ ഉണ്ടായിരുന്നത് ഇന്ന് ഇല്ല,en,ml
translate idiom to malayalam: A mother's love and importance is irreplaceable no matter what.,ആകാശം ഇടിഞ്ഞാലും അമ്മ ആകാശം,en,ml
translate idiom to english: మనసు శుద్ధంగా ఉంటే మాట శుద్ధంగా ఉంటుంది,Inner goodness reflects in a person's speech.,te,en
translate idiom to english: കാക്ക കുളിച്ചാൽ കൊക്കാകുമോ (Kaakka kulichal kokkakumo),You cannot change someone's inherent nature with superficial changes.,ml,en
translate idiom to english: A cat drinks milk with its eyes closed thinking no one sees.,"Doing something wrong secretly, foolishly believing no one notices.",en,en
translate idiom to hindi: A good outcome justifies the entire process; all's well that ends well.,अंत भला तो सब भला,en,hi
translate idiom to english: गले का हार होना,To be someone's favorite or deeply loved.,hi,en
"translate idiom to english: If a crow bathes, will it become an egret?",External changes cannot alter one's true nature.,en,en
translate idiom to english: വളഞ്ഞ മരത്തിന് വളഞ്ഞ നിഴൽ,A person's nature is reflected in everything they produce or influence.,ml,en
"translate idiom to english: काम का समय काम करो, खेल का समय खेलो",There is a right time for everything; don't mix responsibilities with leisure.,hi,en
translate idiom to english: To make someone lose their sixes.,To defeat completely.,en,en
translate idiom to hindi: One should adapt to the customs and norms of wherever they are.,जैसा देश वैसा भेष,en,hi
translate idiom to english: പോയ കാലം തിരിച്ചുവരില്ല,The past cannot be recovered; do not waste the present.,ml,en
translate idiom to english: കഴുതയ്ക്കറിയാമോ കർപ്പൂരത്തിന്റെ മണം (Kazhuthaykkariyamoo karpoorathinte manam),An uncultured person cannot appreciate the value of fine things.,ml,en
translate idiom to english: A borrowed elephant seems to have bigger tusks.,People show off borrowed or temporary things as if they were their own.,en,en
translate idiom to english: What is inside will come out.,True feelings and intentions cannot be hidden forever.,en,en
translate idiom to hindi: To defeat completely.,दाँत खट्टे करना,en,hi
"translate idiom to hindi: A huge gap between two people in status, ability, or class.",कहाँ राजा भोज कहाँ गंगू तेली,en,hi
translate idiom to malayalam: There is always more than one way to solve a difficulty.,ഒരു പ്രശ്നത്തിന് ആയിരം ഉത്തരം,en,ml
translate idiom to malayalam: Difficult times are temporary; clarity and goodness will return.,ഗ്രഹണം മാറിയാൽ വെളിച്ചം വരും,en,ml
translate idiom to english: To become water-water.,To be extremely embarrassed.,en,en
translate idiom to english: The mango itself and profit from its seeds too.,Getting double benefit from a single thing.,en,en
translate idiom to english: Praying Narayana until crossing the bridge.,Acting humble and devoted only as long as you are in danger or need help.,en,en
translate idiom to english: తల దించుకు పని చేయడం,Working diligently and humbly without seeking attention.,te,en
translate idiom to english: നല്ലത് ചെയ്താൽ നല്ലത് ലഭിക്കും,Kindness and virtue are rewarded in return.,ml,en
translate idiom to telugu: Wasted effort on someone who refuses to change or listen.,రాతి బండ మీద నీళ్ళు పోసినట్టు,en,te
translate idiom to english: रस्सी जल गई पर ऐंठन न गई,A person loses all their power yet retains their arrogance.,hi,en
translate idiom to english: Lighting lamps with ghee.,Celebrating lavishly over good news.,en,en
translate idiom to english: To strike hands and feet.,To make desperate efforts.,en,en
translate idiom to telugu: Lack of planning and vision leads to regression.,ముందు చూపు లేనివాడు వెనక్కి పోతాడు,en,te
translate idiom to hindi: To encourage or praise.,पीठ थपथपाना,en,hi
translate idiom to english: పని చేసే చేయికి మరో చెయ్యి తోడుగా ఉంటుంది,Those who work hard attract help and support.,te,en
translate idiom to malayalam: A fundamentally flawed system or plan cannot succeed.,പൊളിഞ്ഞ കപ്പൽ ഒഴുകില്ല,en,ml
translate idiom to english: దారి తెలిసిన వాడికి రాత్రి లేదు,Knowledge and preparation make even difficult situations navigable.,te,en
"translate idiom to english: Where there is will, there is a way.",Determination creates its own path.,en,en
translate idiom to hindi: To speak very harshly or angrily.,अंगारे उगलना,en,hi
translate idiom to malayalam: Consistent hard work will eventually yield results.,അരയ്ക്കുന്ന കല്ല് പൊടിക്കും (Araykkunna kall podikkum),en,ml
"translate idiom to english: Not a penny in hand, but the attitude of a landlord.",Being broke but putting on wealthy airs.,en,en
translate idiom to hindi: True kindness needs no announcement; advertising generosity defeats its purpose.,नेकी और पूछ-पूछ,en,hi
translate idiom to hindi: Placing blind faith in someone without critical thought.,आँख मूँद कर भरोसा करना,en,hi
translate idiom to english: ഏറ്റ ഭാരം ഇറക്കരുത്,"Once you take on a responsibility, see it through.",ml,en
translate idiom to english: जान है तो जहान है,Health and life come before everything else.,hi,en
translate idiom to english: Don't say one thing and do another.,Be consistent between your words and your actions.,en,en
translate idiom to hindi: Something is irretrievably lost.,गई भैंस पानी में,en,hi
translate idiom to english: A dog's tail is crooked.,Old habits die hard; a person's basic nature cannot be changed easily.,en,en
translate idiom to english: The grass on the other side is green.,What others have always seems better than what you have.,en,en
translate idiom to hindi: To blindly follow old traditions.,लकीर का फकीर होना,en,hi
translate idiom to english: A boat doesn't fall just anywhere.,Success is not accidental; it requires the right conditions and effort.,en,en
translate idiom to english: A frustrated cat scratches the pillar.,Taking out one's embarrassment or anger on an unrelated target.,en,en
translate idiom to english: हाँ में हाँ मिलाना,Blindly agreeing with everything someone says; being a yes-man.,hi,en
translate idiom to malayalam: People are forgotten quickly once they are gone or no longer useful.,ആരും ആരെ ഓർക്കില്ല,en,ml
"translate idiom to telugu: When desperately in need, one cannot afford to be choosy.",ఆకలికి రుచి తెలియదు,en,te
translate idiom to malayalam: Always prepare thoroughly before starting anything.,"ആദ്യം ഒരുങ്ങൂ, പിന്നെ ഇറങ്ങൂ",en,ml
translate idiom to english: ऊँट के मुँह में जीरा,A completely insufficient amount for a large need.,hi,en
translate idiom to english: Showing the sky in the palm of the hand.,Making impossible or false promises.,en,en
translate idiom to hindi: Doing a good deed should not require repeated seeking of recognition.,नेकी और पूछ पूछ,en,hi
translate idiom to telugu: Foresight and caution prevent regret.,తప్పు చేసే ముందు ఆలోచించు,en,te
"translate idiom to english: Where there is a person, there will be a crowd.",Success and good character attract people naturally.,en,en
translate idiom to hindi: To become extremely angry.,आग बबूला होना,en,hi
translate idiom to hindi: Speaking beyond one's standing or experience.,छोटा मुँह बड़ी बात,en,hi
translate idiom to malayalam: Having two leaders or decision-makers causes conflict and inefficiency.,ഒരു വള്ളത്തിൽ രണ്ടു തണ്ടുകാർ,en,ml
"translate idiom to english: ഭക്ഷണം ഭക്ഷിക്കും, ഉറക്കം ഉറക്കും",Life's basic rhythms continue regardless of circumstances; things normalize.,ml,en
"translate idiom to english: Where there is running, there is also falling.",Ambition and action carry the risk of failure.,en,en
"translate idiom to english: వినేవాడు వెర్రివాడైతే, చెప్పేవాడు శివతత్వం చెప్పాడట (Vinevaadu verrivaadaithe, cheppevaadu shivatathvam cheppadata)",Exploiting the ignorance of the audience with grand lies.,te,en
translate idiom to telugu: Outward simplicity doesn't mean a lack of intelligence or complex thoughts.,తలలు బోడులైనా తలపులు బోడులా (Thalalu bodulaina thalapulu bodulaa),en,te
translate idiom to telugu: Disparaging what you cannot achieve; sour grapes.,అందని ద్రాక్ష పండ్లు పుల్లన (Andani draksha pandlu pullana),en,te
"translate idiom to english: Leaves will fall, but the root will remain.","Surface-level things change, but core foundations endure.",en,en
translate idiom to english: Trouble never comes alone.,Problems tend to arrive together in clusters.,en,en
translate idiom to english: One drenched in rain has no fear of frost.,Someone who has endured great hardship is not afraid of lesser challenges.,en,en
translate idiom to malayalam: Intelligence and foresight keep you out of trouble.,കൂർമ്മ ബുദ്ധി ഉള്ളവൻ കുഴിയിൽ വീഴില്ല,en,ml
translate idiom to english: ఒకే రాయి తో రెండు పక్షులు,Accomplishing two goals with a single action.,te,en
translate idiom to hindi: A hypocrite.,बगुला भगत,en,hi
translate idiom to hindi: Getting double benefit from a single thing.,आम के आम गुठलियों के दам,en,hi
translate idiom to english: All that glitters is not gold.,Appearances can be deceptive.,en,en
translate idiom to telugu: Overcoming great obstacles to finally achieve your goal.,ఏడు కొండలు దాటినా ఊరు చేరడం,en,te
translate idiom to english: గొంగళిలో తింటూ వెంట్రుకలు ఏరుకున్నట్లు (Gongalilo thintu ventrukalu eerukunnatlu),Complaining about inevitable minor flaws in a situation.,te,en
translate idiom to telugu: Doing things haphazardly and blindly ruining everything without direction.,గుడ్డి ఎద్దు జొన్న చేలో పడ్డట్టు (Guddi eddu jonna chelo paddattu),en,te
"translate idiom to english: ഒരിക്കൽ ചിരിക്കുന്നവൻ, ഒരിക്കൽ കരയും",Joy and sorrow take turns; no one escapes either.,ml,en
translate idiom to english: अंत भला तो सब भला,A good outcome justifies the entire process; all's well that ends well.,hi,en
"translate idiom to english: He who doesn't learn by seeing, learns by getting hit.","Some people only learn their lesson the hard way, through painful experience.",en,en
translate idiom to telugu: Only the person involved truly understands the effort or experience.,వంటకం రుచి కలిపిన వాడికే తెలుసు,en,te
translate idiom to english: समय की रेत,Moments pass quickly and cannot be held on to.,hi,en
translate idiom to malayalam: The right words spoken at the right time can be more powerful than force.,ഒരു വാക്ക് ആയിരം യുദ്ധം ജയിക്കും,en,ml
translate idiom to english: An empty mind is the devil's house.,Idle people tend to get into trouble or think harmful thoughts.,en,en
translate idiom to english: Your own deeds carry you across.,Only your own efforts and actions will ultimately save you.,en,en
translate idiom to hindi: To restrict someone's freedom.,नज़रबंद करना,en,hi
translate idiom to hindi: To burn with jealousy.,कलेजे पर साँप लोटना,en,hi
translate idiom to english: Lightning does not strike the same place twice.,The same misfortune rarely happens to the same person twice.,en,en
"translate idiom to english: చేతిలో చిల్లిగవ్వ లేదు, చంకలో జమిందారీ (Chethilo chilligavva ledu, chankalo jamindaari)",Being broke but putting on wealthy airs.,te,en
translate idiom to telugu: Anger only destroys the person who is angry.,తన కోపమే తన శత్రువు (Thana kopame thana shatruvu),en,te
translate idiom to english: అరచేతిలో ఆకాశం చూపించడం,Making impossible or false promises.,te,en
translate idiom to english: To chew iron chickpeas.,To do a very difficult task.,en,en
translate idiom to english: Double sorrow gives double strength.,Great suffering can build great resilience.,en,en
translate idiom to english: Calling the boatman 'bald Mallanna' after crossing the river.,Being extremely ungrateful once a favor is received.,en,en
translate idiom to telugu: See a task through to the very end; do not quit before it is done.,గంట కొట్టేవరకూ పని చేయాలి,en,te
translate idiom to english: కాకి కూయడం ఆపదు,A chronic complainer or gossip cannot stop their negative behavior.,te,en
translate idiom to english: To climb the tree.,To take risks or venture into unknown territory.,en,en
translate idiom to telugu: Commit fully to whatever you undertake; half-hearted efforts fail.,ఏ పని చేసినా పూర్తిగా చేయి,en,te
translate idiom to english: What is greater — intelligence or a buffalo?,Brains are more valuable than brute strength or size.,en,en
translate idiom to english: A beautiful flower has thorns.,Attractive or desirable things often come with hidden difficulties.,en,en
translate idiom to english: Like salt dissolving in water.,Something disappearing completely and without a trace.,en,en
translate idiom to english: What God gives cannot be stopped by anyone.,Destiny and fortune cannot be blocked by human intervention.,en,en
translate idiom to english: നാട് ഓടുമ്പോൾ നടുവേ ഓടണം (Naadu odumbol naduve odanam),You should adapt to the customs and trends of the society you live in.,ml,en
translate idiom to english: तिनके का सहारा,A small help in a difficult situation.,hi,en
translate idiom to telugu: Integrity and keeping one's word define a person's character.,మాటకు మనిషిని కొలవాలి,en,te
translate idiom to malayalam: People tend to only care about or plan for what is immediately visible to them; short-sightedness.,കണ്ണ് കാണുന്ന ഇടം വരെ മാത്രം,en,ml
translate idiom to english: ആകാശത്ത് താറാവ് പറന്നാൽ,Something that is unlikely to happen.,ml,en
translate idiom to english: To tighten the belt.,To get ready for a difficult task.,en,en
translate idiom to malayalam: Greater rewards demand greater work.,ഇരട്ടി ഫലം ഇരട്ടി അധ്വാനം,en,ml
translate idiom to english: Protect like the eyelid guards the eye.,To protect something with the utmost care.,en,en
translate idiom to english: നനഞ്ഞെടം കുഴിക്കുക (Nananjedam kuzhikkuka),Taking the easy way out; exploiting a vulnerable person.,ml,en
translate idiom to english: रस्सी जल गई पर ऐंठ न गई,"Even after losing everything, the arrogant person does not give up their pride.",hi,en
translate idiom to english: पहले आओ पहले पाओ,Those who act early get the benefit.,hi,en
translate idiom to english: കൂടെ ഉള്ളവൻ ഒപ്പം നടക്കണം,A true partner must keep pace and not fall behind or race ahead.,ml,en
translate idiom to english: The neighbor's tamarind curry tastes better.,We always think others have something better than what we have.,en,en
translate idiom to english: नींव मज़बूत हो तो मकान टिकता है,A solid base ensures long-term stability.,hi,en
translate idiom to english: अंधेरे घर का उजाला,The only son or hope of a family.,hi,en
translate idiom to malayalam: An uncultured person cannot appreciate the value of fine things.,കഴുതയ്ക്കറിയാമോ കർപ്പൂരത്തിന്റെ മണം (Kazhuthaykkariyamoo karpoorathinte manam),en,ml
translate idiom to english: A big house in the stomach.,Capable of keeping secrets; not revealing anything.,en,en
translate idiom to english: Do good and good will come to you.,Kindness and virtue are rewarded in return.,en,en
translate idiom to telugu: To take shelter or rest.,చెట్టు కింద కూర్చోవడం,en,te
translate idiom to malayalam: No one is completely flawless or perfect.,പുഴു തിന്നാത്ത പഴം ഇല്ല (Puzhu thinnatha pazham illa),en,ml
translate idiom to english: चाँदी काटना,To earn a lot of money easily.,hi,en
translate idiom to hindi: A hidden enemy who pretends to be a friend.,आस्तीन का साँप,en,hi
"translate idiom to english: కష్టకాలంలో కాదు, సుఖకాలంలో స్నేహితులు తెలుస్తారు","True friends are revealed in hard times, not easy ones.",te,en
translate idiom to english: A clap cannot be made with one hand.,No conflict or cooperation happens without both sides participating.,en,en
translate idiom to english: Even the shadow is an enemy to one who has done wrong.,A guilty person is afraid of everything around them.,en,en
translate idiom to english: കരഞ്ഞ് കലം ഉടയ്ക്കരുത്,Do not let grief or frustration cause you to destroy what you have.,ml,en
"translate idiom to english: Without water, everything is desolate.","Without the essential element, nothing else works.",en,en
translate idiom to hindi: Blindly agreeing with everything someone says; being a yes-man.,हाँ में हाँ मिलाना,en,hi
translate idiom to telugu: Being in a dangerous or tricky situation.,నక్క కడుపులో నడవడం,en,te
translate idiom to english: To be a beggar of the line.,To blindly follow old traditions.,en,en
translate idiom to english: കണ്ണീരൊഴുക്കുക,To express deep sorrow or emotion.,ml,en
translate idiom to english: Even crossing seven seas cannot help you escape.,Consequences find you no matter how far you run.,en,en
translate idiom to english: ముందు జాగ్రత్త మేలు,Prevention is better than cure.,te,en
"translate idiom to english: ആദ്യം ഓടി, പിന്നെ നടന്നു",Starting with great enthusiasm but losing momentum over time.,ml,en
translate idiom to english: రొంపిలో పడ్డ పంది లాగా (Rompilo padda pandi laaga),A person who is stuck in a messy situation and cannot escape.,te,en
"translate idiom to english: పైన నీరు, కింద నిప్పు",A calm surface concealing dangerous tension or conflict underneath.,te,en
translate idiom to english: తొందర పని దెందర పాలు,Rushing leads to poor results.,te,en
translate idiom to english: A wooden pot cannot be placed on the fire again and again.,A trick or deception can only work once.,en,en
translate idiom to english: Neither borrow salt nor money.,Small debts create big problems; avoid borrowing even trivial things.,en,en
translate idiom to english: बंदर क्या जाने अदरक का,Someone is unaware of the value or significance of something.,hi,en
translate idiom to english: Only the elephant knows elephant matters.,Only the person going through a situation truly understands it.,en,en
translate idiom to english: The one who works will eat.,Only those who put in effort will receive their reward.,en,en
translate idiom to english: ఎలుకకు పిల్లి సాక్షి (Elukaku pilli sakshi),An untrustworthy or compromised witness; a conflict of interest.,te,en
translate idiom to english: ചെറിയ തോണിക്ക് ചെറിയ ഭാരം,Take on only as much as your capacity allows.,ml,en
translate idiom to hindi: Do not say more than you can back up or that others can absorb.,उतना ही बोलो जितना पचे,en,hi
translate idiom to english: फूले न समाना,To be extremely happy.,hi,en
translate idiom to hindi: Regret is useless after the damage is already done.,अब पछताए होत क्या जब चिड़िया चुग गई खेत,en,hi
translate idiom to malayalam: Even something small or insignificant can be made useful.,കരിയില കൊണ്ട് കൊള്ളി ഉണ്ടാക്കാം,en,ml
translate idiom to english: To be a necklace.,To be someone's favorite or deeply loved.,en,en
translate idiom to english: A paper boat.,Something that appears functional but is fundamentally fragile and temporary.,en,en
translate idiom to english: పిల్లి కళ్ళు మూసుకుని పాలు తాగుతూ... (Pilli kallu musukuni paalu thaguthu...),"Doing something wrong secretly, foolishly believing no one notices.",te,en
translate idiom to malayalam: It takes one to know one; people of similar nature understand each other.,പാമ്പിന്റെ കാല് പാമ്പറിയും (Paambinte kaalu paambariyum),en,ml
translate idiom to english: A wise person does not fall into the mud.,Intelligence and foresight keep you out of avoidable trouble.,en,en
translate idiom to english: One who cannot sleep blames the bed.,A bad workman blames his tools.,en,en
translate idiom to malayalam: Hardship is temporary; better times always follow.,മഴ തോർന്നാൽ വെയിൽ വരും,en,ml
translate idiom to english: A flame untouched by wind.,Someone who is not influenced by outside pressure or opinion.,en,en
translate idiom to english: Hunger does not know taste.,"When desperately in need, one cannot afford to be choosy.",en,en
translate idiom to english: కాళ్ళు కట్టడం,To restrict someone's freedom or movement.,te,en
translate idiom to english: Working with the head bowed down.,Working diligently and humbly without seeking attention.,en,en
translate idiom to malayalam: The past cannot be recovered; do not waste the present.,പോയ കാലം തിരിച്ചുവരില്ല,en,ml
translate idiom to english: The one who laughs once will cry once too.,Joy and sorrow take turns; no one escapes either.,en,en
translate idiom to english: കുറുക്കന്റെ കണ്ണ് കോഴിക്കൂട്ടിൽ (Kurukkante kannu kozhikkoottil),A person with ulterior motives always focuses on their target.,ml,en
translate idiom to telugu: Things gained without effort or cost are not valued or kept.,ఊరికే వచ్చేది ఏది ఉండదు,en,te
"translate idiom to malayalam: Everyone loves their own offspring dearly, regardless of flaws.",കാക്കയ്ക്കും തൻ കുഞ്ഞ് പൊൻകുഞ്ഞ് (Kakkakkum than kunju pon kunju),en,ml
translate idiom to hindi: Someone who belongs nowhere; having no fixed place or loyalty.,धोबी का कुत्ता न घर का न घाट का,en,hi
translate idiom to english: समय बड़ा बलवान,Time changes everything; no situation is permanent.,hi,en
translate idiom to telugu: The same thing has different value in different contexts.,"అడవిలో చెట్టు, ఊరిలో కలప",en,te
translate idiom to english: अंधेर नगरी चौपट राजा,Complete disorder due to incompetent leadership.,hi,en
translate idiom to english: हाथ कंगन को आरसी क्या,An obvious truth needs no further proof.,hi,en
translate idiom to telugu: True feelings and intentions cannot be hidden forever.,లోపల ఉన్న మాట బయటకు వస్తుంది,en,te
translate idiom to english: Thunder rolling and falling on the earthen pan.,A huge buildup that results in a minor or pathetic outcome.,en,en
translate idiom to english: श्री गणेश करना,To start something new.,hi,en
translate idiom to english: Walking on thorns.,"Going through a very difficult, painful, or uncomfortable situation.",en,en
translate idiom to english: వేళకు పండిన పంటే విలువైనది,Timeliness is a key part of value; the right thing at the wrong time is useless.,te,en
"translate idiom to telugu: Experience comes only through doing, not watching.",పనికి వెళ్ళిన వాడే పని నేర్చుకుంటాడు,en,te
translate idiom to english: నోటితో నవ్వి నొసటితో వెక్కిరించినట్లు (Notitho navvi nosatitho vekkirinchinatlu),Being two-faced or hypocritical.,te,en
translate idiom to telugu: Using a massively disproportionate response to a tiny problem.,పిచ్చుక మీద బ్రహ్మాస్త్రం,en,te
translate idiom to english: കൊതുകിനെ കൊല്ലാൻ പീരങ്കി,Using a completely disproportionate response for a small problem.,ml,en
translate idiom to telugu: You must bring something of value when you go somewhere; don't arrive empty-handed.,ఖాళీ చేతులు వెళ్ళవు,en,te
translate idiom to english: കണ്ടതറിയാത്തവൻ കൊണ്ടതറിയും (Kandathariyathavan kondathariyum),"Some people only learn their lesson the hard way, through painful experience.",ml,en
translate idiom to english: పచ్చి మిరపకాయలు,Something that is fresh and lively.,te,en
"translate idiom to english: ഉറ്റവരെ ഓർക്കണം, ഉള്ളത് കൊടുക്കണം",Cherish and be generous with those close to you.,ml,en
translate idiom to english: തോറ്റവൻ ഇരട്ടി ഓടണം,"After a failure, you must work twice as hard to recover.",ml,en
translate idiom to english: Digging a well when the fire has already started.,Preparing for a crisis only after it has already begun.,en,en
translate idiom to english: ഒരു കൂരക്ക് കീഴിൽ ഒരു കൂട്ടം,Unity and togetherness under a common cause or leadership.,ml,en
translate idiom to english: आँख ओझल पहाड़ ओझल,"Once someone leaves or is not visible, they are quickly forgotten.",hi,en
translate idiom to telugu: Support and companionship are essential for achieving great things.,ఒంటరి పక్షి ఎగరలేదు,en,te
translate idiom to english: A wound turning green (fresh again).,Old pain being revived by a new reminder.,en,en
"translate idiom to telugu: Careful, deliberate action achieves better results than recklessness.",జాగ్రత్తగా వేసిన అడుగే గురిచేరుతుంది,en,te
translate idiom to telugu: Popular opinion is not always correct; think for yourself.,అందరూ అన్నారు అని నమ్మకు,en,te
translate idiom to english: കടം വാങ്ങിയ ആനക്ക് കൊമ്പ് കൂടുതൽ,People show off borrowed or temporary things as if they were their own.,ml,en
translate idiom to telugu: Help that arrives too late is no help at all.,వేళకు రాని వైద్యుడు పనికిరాడు,en,te
translate idiom to telugu: An absolutely impossible event.,రోకలికి చిగురు పుట్టినట్లు (Rokaliki chiguru puttinatlu),en,te
translate idiom to telugu: A capable or generous person provides comfort and refuge to those around them.,చెట్టు ఉన్న చోట నీడ,en,te
translate idiom to english: చేసిన తప్పు చెప్పకపోతే పెరుగుతుంది,Hiding mistakes makes them worse; confession is better.,te,en
translate idiom to english: लोहे के चने चबाना,To do a very difficult task.,hi,en
translate idiom to english: Colors aren't known until night falls.,True colors or difficulties are only revealed during tough times.,en,en
translate idiom to english: The past will not return.,Time lost cannot be recovered; act in the present.,en,en
translate idiom to english: వంటకం రుచి కలిపిన వాడికే తెలుసు,Only the person involved truly understands the effort or experience.,te,en
translate idiom to hindi: One's fortune or time at a place coming to an end.,दाना पानी उठ जाना,en,hi
translate idiom to hindi: Bad luck strikes right at the start of a new venture.,सिर मुँड़ाते ही ओले पड़े,en,hi
translate idiom to english: ചിരിക്കുന്ന മുഖം ചിരിക്കാത്ത മനസ്സ്,Outward cheerfulness concealing inner pain or deceit.,ml,en
translate idiom to malayalam: You must take initiative; opportunities come to those who try.,കൈ നീട്ടിയാൽ കിട്ടും,en,ml
translate idiom to english: മൂന്നു മണി കഴിഞ്ഞ് പഠിക്കുന്നത്,Starting to prepare when it is already too late.,ml,en
translate idiom to english: ఒకే రోజు రెండు సూర్యులు రారు,There can only be one true leader or authority at a time.,te,en
translate idiom to hindi: A guilty person always feels suspicious and exposed.,चोर की दाढ़ी में तिनका,en,hi
"translate idiom to english: One stick for an elephant, the same stick for a goat.",Applying the same standard or punishment regardless of size or severity.,en,en
translate idiom to hindi: To celebrate a great victory or joy.,घी के दीये जलाना,en,hi
translate idiom to english: കേട്ടതെല്ലാം വിശ്വസിക്കരുത്,Be skeptical; rumors and hearsay are unreliable.,ml,en
translate idiom to english: കരഞ്ഞാൽ കിട്ടുന്നതല്ല കാര്യം,Complaining and lamenting solve nothing; action is needed.,ml,en
translate idiom to english: ഗ്രഹണം മാറിയാൽ വെളിച്ചം വരും,Difficult times are temporary; clarity and goodness will return.,ml,en
translate idiom to malayalam: Individuals come and go but the institution or family remains.,"കൊഴിഞ്ഞ് പോകും ഇല, പക്ഷേ മരം നിൽക്കും",en,ml
translate idiom to english: Distant mountains are smooth.,The grass is always greener on the other side.,en,en
translate idiom to english: ഒരു വള്ളത്തിൽ രണ്ടു തണ്ടുകാർ,Having two leaders or decision-makers causes conflict and inefficiency.,ml,en
translate idiom to english: Precaution taken first is best.,Prevention is better than cure.,en,en
"translate idiom to english: Unable to swallow, unable to vomit.",Being caught in an extremely difficult dilemma.,en,en
translate idiom to english: అందని ద్రాక్ష పుల్లన,Dismissing something as bad simply because it is unattainable.,te,en
translate idiom to english: ఏ పని చేసినా పూర్తిగా చేయి,Commit fully to whatever you undertake; half-hearted efforts fail.,te,en
translate idiom to english: No sooner was the head shaved than hailstones fell.,Bad luck strikes right at the start of a new venture.,en,en
"translate idiom to english: Where is the fox, and where is heaven?",A mismatch of monumental proportions; comparing the lowest to the highest.,en,en
"translate idiom to english: ഞായർ ഉദിക്കും, ഞായർ അസ്തമിക്കും",Everything has a beginning and an end; no situation lasts forever.,ml,en
translate idiom to english: A new pot is always new.,Novelty is appealing at first but fades with time.,en,en
translate idiom to malayalam: You cannot change the fundamental bad nature of a person.,ശ്വാനന്റെ വാല് പന്തീരാണ്ട് കുഴലിലിട്ടാലും വളഞ്ഞു തന്നെ (Shwanante vaalu pantheerandu kuzhalilittalum valanju thanne),en,ml
translate idiom to english: Make the tree bear fruit and the bird will come.,Create value and people will naturally be attracted to you.,en,en
translate idiom to english: Like a pig stuck in mud.,A person who is stuck in a messy situation and cannot escape.,en,en
translate idiom to english: लकीर का फकीर होना,To blindly follow old traditions.,hi,en
translate idiom to hindi: To earn a lot of money easily.,चाँदी काटना,en,hi
translate idiom to english: Hunger is felt in the forest.,Hardship reveals what one truly needs and values.,en,en
translate idiom to malayalam: Giving something valuable to someone who cannot appreciate or use it.,നായ്ക്കenthu തേങ്ങ (Naaykkenthu thenga),en,ml
translate idiom to hindi: To deceive someone.,आँखों में धूल झोंकना,en,hi
translate idiom to english: నోరు మంచిదైతే ఊరు మంచిదవుతుంది,Kind and honest speech creates a positive environment around you.,te,en
"translate idiom to english: Monday for a needle, Tuesday for thread.",Extreme laziness or procrastination.,en,en
translate idiom to malayalam: A bad workman blames his tools.,ഉറക്കം കെട്ടവൻ കിടക്ക കുറ്റം പറയും,en,ml
translate idiom to malayalam: Positivity and warmth have great healing power.,ഒരു ചിരി ആയിരം ദുഃഖം മാറ്റും,en,ml
translate idiom to malayalam: Shared or public things are often neglected by everyone.,ആർക്കും ആർക്കും ഉള്ളതല്ല,en,ml
translate idiom to hindi: To flatter or bootlick for personal gain.,तलवे चाटना,en,hi
translate idiom to malayalam: Fighting fire with fire; using similar means to counter a problem.,കണ്ടകൻ കണ്ടകനാൽ,en,ml
translate idiom to english: Two suns do not rise on the same day.,There can only be one true leader or authority at a time.,en,en
translate idiom to telugu: Nothing compares to the genuine love and care of someone who truly cares for you.,అమ్మ చేయి తింటే రుచే వేరు,en,te
translate idiom to malayalam: Do not put off what is important; act while you still have time.,മരിക്കുന്നതിന് മുൻപ് ഓർക്കണം,en,ml
translate idiom to malayalam: Those who stand by you in difficult times are your true allies.,കൂടെ ഉള്ളവൻ കൂട്ടാളി,en,ml
translate idiom to malayalam: The progress of the great will not be stopped by the criticism of the insignificant.,പട്ടി കുരച്ചാൽ പല്ലക്ക് നിൽക്കുമോ (Patti kurachal pallakku nilkkumo),en,ml
translate idiom to english: Black letters are equal to a buffalo.,Completely illiterate or unable to understand something.,en,en
translate idiom to english: Tying the legs.,To restrict someone's freedom or movement.,en,en
translate idiom to hindi: The only support.,अंधे की लाठी,en,hi
translate idiom to english: పెళ్లికి వెళ్తూ పిల్లిని చంకలో పెట్టుకెళ్ళినట్లు (Pelliki velthu pillini chankalo pettukellinatlu),Carrying unnecessary trouble to an auspicious or good event.,te,en
translate idiom to hindi: Blaming external factors for one's own incompetence.,नाच न जाने आँगन टेढ़ा,en,hi
translate idiom to english: A barking dog will not bite.,People who make a lot of noise or threats rarely take action.,en,en
translate idiom to english: Showing arrogance does not get the work done.,"Stubbornness and pride are obstacles, not tools.",en,en
translate idiom to malayalam: Take it or leave it; no room for complaints.,ഇഷ്ടമില്ലെങ്കിൽ ഇറങ്ങിപ്പോ,en,ml
"translate idiom to english: మాటకు మాట, పనికి పని",Match your actions with your words; be consistent.,te,en
translate idiom to malayalam: A grounded and stable person is not shaken by sudden threats or outbursts.,ഇടിമിന്നൽ ഭൂമി ഭയക്കില്ല,en,ml
translate idiom to english: भागते भूत की लँगोटी भली,Something is better than nothing.,hi,en
translate idiom to english: हवा का रुख देखना,Assessing a situation before taking a position.,hi,en
"translate idiom to english: One hand to wipe, one hand to gather.",Every loss must be balanced by a gain; life has give and take.,en,en
translate idiom to english: One must manage with what one has.,Be content and resourceful with what is available.,en,en
translate idiom to english: To put under house arrest.,To restrict someone's freedom.,en,en
translate idiom to telugu: Being caught in an extremely difficult dilemma.,మింగలేక కక్కలేక (Mingaleeka kakkaleeka),en,te
"translate idiom to malayalam: Surface-level things change, but core foundations endure.","ഇലകൾ കൊഴിഞ്ഞ് പോകും, വേര് നിൽക്കും",en,ml
translate idiom to english: There is no fruit that hasn't been eaten by a worm.,No one is completely flawless or perfect.,en,en
translate idiom to english: The distant mountain always looks green.,Things appear better from a distance than up close.,en,en
translate idiom to english: जितना गुड़ डालो उतना मीठा,Greater effort or input yields proportionally better results.,hi,en
translate idiom to english: Grass does not grow on stone.,A hard-hearted person cannot be made compassionate.,en,en
translate idiom to malayalam: The same misfortune rarely happens to the same person twice.,ഇടിമിന്നൽ ഒരേ ദിക്കിൽ വീഴില്ല,en,ml
translate idiom to english: മൂർഖൻ ഒരു ദോഷം ചെയ്‌താൽ നൂറ് ദോഷം ഉണ്ടാകും,A foolish action creates cascading problems.,ml,en
translate idiom to english: Dig the canal when water flows.,Take advantage of an opportunity when it is available.,en,en
translate idiom to english: ഒഴിഞ്ഞ പാത്രം ഒച്ച വെക്കും,People with little substance make the most noise.,ml,en
"translate idiom to english: Sweet mouth, bitter mind.",Saying pleasant things while harbouring negative intentions.,en,en
translate idiom to english: गागर में सागर भरना,To express deep or vast meaning in a few words.,hi,en
translate idiom to english: Unwanted advice is poison.,Advice given without being asked can do more harm than good.,en,en
translate idiom to english: आँखों में धूल झोंकना,To deceive someone.,hi,en
translate idiom to telugu: Failing to distinguish between different things or people leads to ruin.,అంతా ఒక్కటే అంటే అంతా పోతుంది,en,te
translate idiom to english: The rabbit I caught has three horns.,Stubbornly clinging to a false or absurd claim.,en,en
translate idiom to english: పాము కాటుకు మంత్రం,A desperate or last-resort remedy applied when all else has failed.,te,en
translate idiom to hindi: A truly motivated person will make the effort to get what they need.,जिसे पीना है वह कुएँ तक जाएगा,en,hi
translate idiom to english: Growing grass on a stone.,Attempting the impossible; wasting effort on something that cannot yield results.,en,en
translate idiom to english: A palm fruit falling on a groaning fox.,A sudden disaster striking someone already suffering.,en,en
translate idiom to english: Making a fingernail-sized thing into a mountain.,Making a mountain out of a molehill; exaggerating a small issue.,en,en
translate idiom to english: Thinking and thinking leads to lethargy.,Overthinking leads to paralysis and inaction.,en,en
translate idiom to english: A month's harvest washes away in a single day's flood.,Long effort can be destroyed by a single moment of carelessness.,en,en
translate idiom to english: ഇടങ്ങേർ കണ്ടു ഒടിഞ്ഞു,Giving up at the first sign of bad luck or difficulty.,ml,en
translate idiom to english: തിളച്ച വെള്ളത്തിൽ വീണ പൂച്ച പച്ചവെള്ളം കണ്ടാലും പേടിക്കും (Thilacha vellathil veena poocha pachavellam kandalum pedikkum),"Once bitten, twice shy.",ml,en
"translate idiom to english: Ran first, then walked.",Starting with great enthusiasm but losing momentum over time.,en,en
translate idiom to hindi: Using indirect or clever means to achieve something that won't yield to a direct approach.,टेढ़ी उँगली से घी निकालना,en,hi
"translate idiom to english: First prepare, then step out.",Always prepare thoroughly before starting anything.,en,en
"translate idiom to english: If God is kind, even a donkey can become a wrestler.","With luck and favour on your side, even an incompetent person can succeed.",en,en
translate idiom to english: చేతికి ఎముక లేదు (Chethiki emuka ledu),Being extremely generous and giving freely.,te,en
translate idiom to english: Do not blame the light while sitting in the darkness.,Do not criticize what you yourself are refusing or failing to embrace.,en,en
translate idiom to english: Doing good and asking again and again.,Doing a good deed should not require repeated seeking of recognition.,en,en
translate idiom to english: ഒരു കുടം നിറഞ്ഞാൽ കവിയും,Every person has a limit to their patience; push too far and they will react.,ml,en
translate idiom to english: Forgiveness is only for one who admits their wrong.,Acknowledging a mistake is the first step to being forgiven.,en,en
translate idiom to telugu: A person of relentless determination who never lets go of their goal.,పట్టు వదలని విక్రమార్కుడు,en,te
translate idiom to english: Being in the same boat.,Sharing the same difficult situation with others.,en,en
translate idiom to malayalam: Getting results before putting in the proper foundation or process.,ഇലയ്ക്ക് മുന്നേ കായ്,en,ml
translate idiom to malayalam: Idleness leads to negative or wandering thoughts.,ഒഴിഞ്ഞ സ്ഥലത്ത് ഒഴിഞ്ഞ മനസ്സ്,en,ml
translate idiom to english: ഓടുന്ന നായയ്ക്ക് ഒരു മുഴം മുമ്പേ (Odunna naayakku oru muzham mumpe),Being highly proactive; anticipating actions before they happen.,ml,en
translate idiom to telugu: Familiarity with a situation prevents unnecessary mistakes.,తెలిసిన దారిలో తప్పు పదనక్కర్లేదు,en,te
translate idiom to english: A mistake can be forgiven once.,"Forgiveness is possible for a first mistake, but repeated offenses cannot be excused.",en,en
translate idiom to malayalam: Everything that exists will eventually end; impermanence is universal.,ദൈവം സൃഷ്ടിച്ചതും ദൈവം നശിപ്പിക്കും,en,ml
translate idiom to english: The time that has gone will not return.,The past cannot be recovered; do not waste the present.,en,en
translate idiom to english: മുട്ടിനെ തട്ടുക,To take a bold step or risk.,ml,en
translate idiom to english: दूसरों का दुख देख कर सीखना,"Wise people learn from others' mistakes, not just their own.",hi,en
translate idiom to telugu: Concise communication is more powerful than lengthy explanation.,ఒక్క మాటలో చెప్పగలిగితే వేయి మాటలు వద్దు,en,te
translate idiom to english: One person will poke the other's eye.,People will harm those closest to them out of jealousy or rivalry.,en,en
"translate idiom to english: ഒരു ദോഷം മറക്കൂ, ഒരു ഗുണം ഓർക്കൂ",Focus on the good in others rather than their flaws.,ml,en
translate idiom to english: Defeated in mind is defeat; victorious in mind is victory.,The outcome depends on your mental attitude and willpower.,en,en
translate idiom to malayalam: A witness who has seen too much will eventually be silenced.,കണ്ട കണ്ണ് പൂട്ടും,en,ml
translate idiom to english: A broken ship will not float.,A fundamentally flawed system or plan cannot succeed.,en,en
translate idiom to english: Biting the hand that fed you.,Betraying the person who helped or nourished you.,en,en
translate idiom to english: One does not realize the value of eyes while having them.,People don't appreciate what they have until they lose it.,en,en
translate idiom to english: नौकर का नहीं यार का काम,A true friend helps you without being asked and without payment.,hi,en
translate idiom to hindi: To welcome someone with great respect and eagerness.,आँखें बिछाना,en,hi
translate idiom to malayalam: People naturally revert to their own base environments or habits.,അട്ടയെപ്പിടിച്ച് മെത്തയിൽ കിടത്തിയാൽ കിടക്കുമോ (Attayepidichu methayil kidathiyaal kidakkumo),en,ml
translate idiom to malayalam: Do not do foolish things; use the right tools for the right job.,വടിയെടുത്തു വാഴ വെട്ടരുത് (Vadiyeduthu vazha vettaruthu),en,ml
"translate idiom to malayalam: Be a person of action and quiet deeds, not empty words.","പറഞ്ഞതു ചെയ്യുക, ചെയ്തതു പറയാതിരിക്കുക",en,ml
translate idiom to telugu: To blame someone for problems they didn't cause.,అల్లుడు కొట్టడం,en,te
translate idiom to english: മൗനം സമ്മതം,Not speaking up is taken as agreement.,ml,en
translate idiom to telugu: Acting carelessly and hoping for a miracle.,గాలిలో దీపం పెట్టి దేవుడా అన్నట్లు (Gaalilo deepam petti devuda annatlu),en,te
translate idiom to telugu: Betrayal from within is impossible to prevent.,ఇంటి దొంగను ఏ తాళమూ ఆపదు,en,te
translate idiom to english: Not all flaws are visible to the eye.,Hidden flaws can be more serious than obvious ones.,en,en
translate idiom to english: കൂടെ ഉണ്ണുന്നവൻ കൂടെ ഇരിക്കും,People who share resources and meals with you are your true companions.,ml,en
"translate idiom to english: One country, one language.",Unity of purpose and communication creates a cohesive community.,en,en
translate idiom to english: The one who works will gain employment.,Hard work and initiative create their own opportunities.,en,en
translate idiom to english: ईद का चाँद होना,To be rarely seen.,hi,en
translate idiom to english: కష్టపడిన వాడికే ఫలం,Reward comes only to those who work for it.,te,en
translate idiom to english: ऊपर से राम राम भीतर से कुटिलता,Appearing pious and kind while secretly being scheming.,hi,en
translate idiom to english: Making blood and sweat one.,Working extremely hard with full dedication.,en,en
translate idiom to telugu: Betrayal always comes from those closest to you.,నమ్మిన వాడే మోసం చేస్తాడు,en,te
translate idiom to english: Crossing seven hills and still reaching home.,Overcoming great obstacles to finally achieve your goal.,en,en
translate idiom to english: अंधे के हाथ बटेर लगना,Getting something valuable without the necessary qualifications.,hi,en
translate idiom to hindi: One person alone cannot bring about major change.,अकेला चना भाड़ नहीं फोड़ सकता,en,hi
translate idiom to english: A thief runs when he sees another thief.,A guilty person panics when they encounter someone who knows the truth.,en,en
translate idiom to english: అల్లుడు కొట్టడం,To blame someone for problems they didn't cause.,te,en
translate idiom to english: നടന്നവഴി തന്നെ തിരിച്ച് നടക്കണ്ട,Do not repeat past mistakes or return to what you have moved on from.,ml,en
translate idiom to english: ఆలస్యం అమృతం విషం,What could have been beneficial becomes harmful through procrastination.,te,en
translate idiom to malayalam: People show off borrowed or temporary things as if they were their own.,കടം വാങ്ങിയ ആനക്ക് കൊമ്പ് കൂടുതൽ,en,ml
translate idiom to telugu: Inner goodness reflects in a person's speech.,మనసు శుద్ధంగా ఉంటే మాట శుద్ధంగా ఉంటుంది,en,te
translate idiom to english: Keep your body close to you.,Stay focused and keep yourself under control.,en,en
translate idiom to english: ഉള്ളം കൈ നോക്കുന്നത് പോലെ,Something is perfectly clear and obvious.,ml,en
translate idiom to telugu: A single error can multiply into countless complications.,ఒక తప్పు వెయ్యి చిక్కులు,en,te
translate idiom to english: आसमान से गिरा खजूर में अटका,Escaping one problem only to land in another.,hi,en
"translate idiom to english: Small age, small wisdom.",Young people lack the experience to make wise decisions.,en,en
translate idiom to english: కాలం అన్నిటికీ మందు,Time heals all wounds and resolves all problems.,te,en
translate idiom to hindi: Opposing the very thing that keeps you safe or helps you survive.,नदी में रहकर नाव से बैर,en,hi
translate idiom to english: The fruit that cannot be reached tastes sweet.,We idealize what we cannot have.,en,en
translate idiom to english: Sweet fruits only for the one who works in the garden.,Rewards come only to those who put in the effort.,en,en
translate idiom to english: മോങ്ങാനിരുന്ന നായയുടെ തലയിൽ തേങ്ങ വീണു (Mongaanirunna naayayude thalayil thenga veenu),Providing a ready excuse for someone who was already looking for a reason to complain.,ml,en
"translate idiom to english: If the mouth is good, the town is good.","If you speak politely, everyone will be good to you.",en,en
translate idiom to telugu: Reacting far too late to a situation to be of any use.,దొంగలు పడ్డ ఆరు నెలలకు కుక్కలు మొరిగినట్లు (Dongalu padda aaru nelalaku kukkalu moriginatlu),en,te
translate idiom to english: Many are skilled at giving advice to others.,People are quick to advise others but rarely follow their own counsel.,en,en
translate idiom to english: అగ్నికి ఆజ్యం పోయడం,Making a bad situation worse.,te,en
translate idiom to malayalam: Overthinking leads to paralysis and inaction.,ആലോചിച്ച് ആലോചിച്ച് ആലസ്യം,en,ml
translate idiom to english: బొగ్గులు కడిగితే పాలు అవుతాయా (Boggulu kadigithe paalu avuthaya),You cannot change someone's inherent bad nature.,te,en
translate idiom to english: కడుపు నిండితే కళ్ళు మూతపడతాయి,Comfort leads to complacency.,te,en
"translate idiom to hindi: Stubbornness and pride are obstacles, not tools.",अकड़ दिखाने से काम नहीं बनता,en,hi
translate idiom to english: दीवारों के कान होना,Confidential matters may be overheard.,hi,en
translate idiom to english: వేరే ఊరి వైద్యుడు గొప్ప,People value outsiders more than locals with the same or better skills.,te,en
translate idiom to english: Grew as tall as a palm tree but no brain at all.,Physical growth without corresponding mental maturity.,en,en
translate idiom to english: అందని ఫలం తీపిగా ఉంటుంది,We idealize what we cannot have.,te,en
translate idiom to english: Eyes become four.,To meet face to face; also to fall in love.,en,en
"translate idiom to malayalam: Once you accept a duty, you must fulfill it completely.",ഏറ്റ ഉത്തരവാദിത്തം ഏറ്റ് നടക്കണം,en,ml
"translate idiom to english: ముందు ఆలోచించు, తరువాత మాట్లాడు",Careless words cause harm; pause before speaking.,te,en
"translate idiom to english: The more jaggery you add, the sweeter it gets.",Greater effort or input yields proportionally better results.,en,en
translate idiom to english: Hasty work leads to the devil's share.,Rushing leads to poor results.,en,en
translate idiom to english: घी के दिये जलाना,Celebrating lavishly over good news.,hi,en
translate idiom to english: A snake will bite one already struck by lightning.,Troubles pile on those who are already suffering.,en,en
"translate idiom to english: Four days of moonlight, then dark night.",A nine days' wonder; short-lived happiness.,en,en
translate idiom to telugu: Pretending not to see what is clearly wrong while benefiting from it.,పిల్లి కళ్ళు మూసుకుని పాలు తాగుతుంది,en,te
"translate idiom to malayalam: When in danger, one can only hope and trust in a higher power.","കടലിൽ തോണി, ദൈവം കൂടെ",en,ml
translate idiom to english: To lay down one's eyes.,To welcome someone with great respect and eagerness.,en,en
"translate idiom to english: Where there is good water, there are people.",People naturally gather where resources and opportunities are abundant.,en,en
translate idiom to english: Who will bell the cat?,Who will dare to do the risky task that everyone agrees needs to be done?,en,en
translate idiom to telugu: Something you already have for certain; a guaranteed gain.,చేతిలో ఉన్న చేప,en,te
translate idiom to telugu: Support or resources last only for a limited time; make use of them while they exist.,దీపం ఉన్నంత వరకే వెలుతురు,en,te
translate idiom to english: One who breaks their word is a tree in the forest.,A person who breaks promises is no better than an inanimate object.,en,en
translate idiom to english: पानी-पानी होना,To be extremely embarrassed.,hi,en
translate idiom to english: Until drawing one's last wheezed breath.,Until the very end of life; to the last moment.,en,en
translate idiom to telugu: Something is better than nothing.,గుడ్డి కన్నా మెల్ల మేలు (Guddi kanna mella melu),en,te
translate idiom to english: ഒരാൾ ഓടിയാൽ ഒരു നാടു ഓടും,Panic is contagious; one person's fear can spread to many.,ml,en
translate idiom to english: Walls have ears.,Be careful what you say; someone may always be listening.,en,en
translate idiom to telugu: Courage opens up possibilities that seem impossible.,గుండె ధైర్యం ఉంటే గోడ కూడా మాట్లాడుతుంది,en,te
translate idiom to english: ഉപ്പു തിന്നവൻ വെള്ളം കുടിക്കും (Uppu thinnavan vellam kudikkum),You will have to face the consequences of your wrong actions.,ml,en
translate idiom to english: जैसा देश वैसा भेष,One should adapt to the customs and norms of wherever they are.,hi,en
translate idiom to english: Throwing the stick a yard ahead of the running dog.,Being highly proactive; anticipating actions before they happen.,en,en
"translate idiom to english: The night is gone, the matter is gone.","Once something is over, there is no point dwelling on it.",en,en
translate idiom to english: How far can you push up someone climbing a palm tree?,"You can only help someone so much; eventually, they must do the work themselves.",en,en
translate idiom to english: Things don't happen just because you cry.,Complaining and lamenting solve nothing; action is needed.,en,en
translate idiom to english: Eyes that have seen will close.,A witness who has seen too much will eventually be silenced.,en,en
translate idiom to english: दूध का दूध पानी का पानी,To deliver a perfectly fair and clear judgment.,hi,en
translate idiom to english: पहाड़ टूट पड़ना,A sudden major disaster or tragedy.,hi,en
translate idiom to telugu: Something disappearing completely and without a trace.,నీళ్ళలో ఉప్పు కరిగినట్టు,en,te
translate idiom to telugu: Making a bad situation worse.,అగ్నికి ఆజ్యం పోయడం,en,te
translate idiom to english: Do not say the same word twice.,Mean what you say; repetition weakens your word.,en,en
translate idiom to english: తన కోపమే తన శత్రువు (Thana kopame thana shatruvu),Anger only destroys the person who is angry.,te,en
translate idiom to hindi: Someone whose education or qualifications are completely unrelated to what they actually do.,"पढ़े फ़ारसी, बेचे तेल",en,hi
translate idiom to english: Mountains may move but the mind will not.,A stubborn person will not change their thinking no matter what.,en,en
translate idiom to english: आकाश-पाताल एक करना,To move heaven and earth; work very hard.,hi,en
translate idiom to malayalam: Be consistent in your actions; do not contradict yourself.,പകൽ ചെയ്തത് രാത്രി മറക്കരുത്,en,ml
translate idiom to telugu: Picking a fight with someone you entirely depend on.,నీళ్ళలో ఉండి మొసలితో కయ్యం,en,te
"translate idiom to english: ചെറിയ വള്ളം, ആഴമുള്ള കടൽ",A person with limited ability facing a very large challenge.,ml,en
translate idiom to english: నీళ్ళు నిలబడవు,Things in life keep moving; change is inevitable.,te,en
translate idiom to english: అసలు లేనిది వడ్డీ ఏది,You cannot expect returns when there is no investment or foundation.,te,en
translate idiom to hindi: A sudden major disaster or tragedy.,पहाड़ टूट पड़ना,en,hi
translate idiom to english: ഒരു നോട്ടം ആയിരം വാക്കിനു തുല്യം,A look can communicate what no amount of words can.,ml,en
translate idiom to telugu: You cannot conceal your wrongdoing entirely; something always gives you away.,తల దాచుకుంటే తోక కనిపిస్తుంది,en,te
translate idiom to malayalam: Adopt a positive attitude; wallowing in sorrow changes nothing.,"കരഞ്ഞ് ഫലമില്ല, ചിരിച്ച് ജീവിക്കൂ",en,ml
translate idiom to hindi: Calm and patience can overcome aggression and anger.,ठंडा लोहा गर्म लोहे को काटता है,en,hi
translate idiom to english: To become red and yellow.,To be furious.,en,en
translate idiom to english: To stamp a good work.,To acknowledge or validate good work.,en,en
translate idiom to english: What does a coconut mean to a dog?,Giving something valuable to someone who cannot appreciate or use it.,en,en
"translate idiom to english: The snake should die, but the stick should not break.",Finding a solution that satisfies all parties without loss.,en,en
translate idiom to malayalam: People managing money or resources will naturally take a small cut for themselves.,തേൻ എടുത്തവൻ കൈ നക്കും (Then eduthavan kai nakkum),en,ml
translate idiom to malayalam: Consistent small efforts accumulate into a great result.,ഒരു ദിവസം ഒരു നൂൽ നൂൽക്കുന്നവൻ ഒരു വർഷം ഒരു വസ്ത്രം ഉണ്ടാക്കും,en,ml
translate idiom to telugu: Giving advice or instructions about something you have never actually done yourself.,ఒడ్డున నిలబడి ఈత చెప్పడం,en,te
translate idiom to english: Taste before you eat.,Evaluate something carefully before fully committing.,en,en
translate idiom to english: बहती गंगा में हाथ धोना,Taking advantage of an opportunity while it lasts.,hi,en
translate idiom to english: बाँसुरी बजाना,Making light of a serious situation; being carefree when one shouldn't be.,hi,en
translate idiom to malayalam: A single honest question can yield abundant insight or help.,ഒന്ന് ചോദിച്ചാൽ നൂറ് കിട്ടും,en,ml
"translate idiom to malayalam: Forgiveness is possible for a first mistake, but repeated offenses cannot be excused.",തെറ്റ് ഒരിക്കൽ ക്ഷമിക്കാം,en,ml
translate idiom to telugu: Timely assistance is the most valuable kind.,సమయానికి వచ్చిన సహాయం,en,te
translate idiom to english: चार दिन की चाँदनी फिर अँधेरी रात,Good times don't last forever.,hi,en
translate idiom to english: Help that comes at the right time.,Timely assistance is the most valuable kind.,en,en
translate idiom to hindi: Greater effort or input yields proportionally better results.,जितना गुड़ डालो उतना मीठा,en,hi
translate idiom to english: One word can win a thousand battles.,The right words spoken at the right time can be more powerful than force.,en,en
translate idiom to malayalam: Every person has a limit to their patience; push too far and they will react.,ഒരു കുടം നിറഞ്ഞാൽ കവിയും,en,ml
translate idiom to english: కొత్త బిందె కొత్తగా ఉంటుంది,Novelty is appealing at first but fades with time.,te,en
translate idiom to telugu: Unrealistic or baseless expectations.,గాలికి ఎగిరే ఆశలు,en,te
translate idiom to english: Trusting with eyes shut.,Placing blind faith in someone without critical thought.,en,en
"translate idiom to english: When the mind is pure, the words are pure.",Inner goodness reflects in a person's speech.,en,en
translate idiom to hindi: Avoid conflict with those who have power over you.,पानी में रहकर मगरमच्छ से बैर नहीं,en,hi
translate idiom to hindi: A foolish person.,अक्ल का दुश्मन,en,hi
translate idiom to telugu: The best time to learn and develop habits is in youth.,చిన్న వయసులో చదివించాలి,en,te
translate idiom to english: Writings on water.,"Something that is fleeting, impermanent, or useless.",en,en
translate idiom to hindi: Someone who blindly follows tradition without thinking.,लकीर का फकीर,en,hi
translate idiom to english: To extract skin from hair.,To nitpick or over-analyze.,en,en
"translate idiom to english: ആദ്യം ഒരുങ്ങൂ, പിന്നെ ഇറങ്ങൂ",Always prepare thoroughly before starting anything.,ml,en
translate idiom to hindi: Being left embarrassed or disappointed with nothing to show.,टका सा मुँह लेकर रह जाना,en,hi
"translate idiom to english: When the stomach is full, the eyes close.",Comfort leads to complacency.,en,en
"translate idiom to english: Ram Ram on the outside, cunning on the inside.",Appearing pious and kind while secretly being scheming.,en,en
translate idiom to malayalam: A look can communicate what no amount of words can.,ഒരു നോട്ടം ആയിരം വാക്കിനു തുല്യം,en,ml
translate idiom to english: മഴ തോർന്നാൽ വെയിൽ വരും,Hardship is temporary; better times always follow.,ml,en
translate idiom to english: കള്ളത്തരം ഒരിക്കൽ ഫലിക്കും,You can fool someone only once; repeated deception fails.,ml,en
translate idiom to hindi: Only your own efforts and actions will ultimately save you.,अपनी करनी पार उतरनी,en,hi
translate idiom to english: कल करे सो आज कर,Do not procrastinate; act now.,hi,en
translate idiom to telugu: Do not punish yourself for losses that cannot be recovered.,పోయిన దానికి పస్తులుండటం వద్దు,en,te
translate idiom to hindi: Rushing leads to mistakes; patience produces better results.,जल्दी का काम शैतान का,en,hi
translate idiom to english: ठंडा लोहा गर्म लोहे को काटता है,Calm and patience can overcome aggression and anger.,hi,en
translate idiom to english: गागर में सागर,Expressing great depth of meaning in very few words.,hi,en
translate idiom to malayalam: Truly wise people do not need the crowd's validation.,ബുദ്ധി ഉള്ളവൻ ഒറ്റക്ക് നടക്കും,en,ml
translate idiom to telugu: Seeking protection or help only after the damage is done.,చేతులు కాలాక ఆకులు పట్టుకున్నట్టు,en,te
translate idiom to english: अधूरा ज्ञान खतरनाक होता है,Partial understanding of something can cause more harm than total ignorance.,hi,en
translate idiom to hindi: Capable of keeping secrets; not revealing anything.,बड़ा घर पेट में,en,hi
translate idiom to telugu: You cannot please everyone; accept that different people have different tastes.,అందరికీ నచ్చే రంగు లేదు,en,te
translate idiom to english: चाँदी का जूता,Using money or bribery to get things done.,hi,en
translate idiom to english: टेढ़ी खीर,A very difficult task.,hi,en
translate idiom to english: A home-cooked chicken is equal to lentils.,Familiarity breeds contempt; undervaluing what one has.,en,en
translate idiom to english: To cut silver.,To earn a lot of money easily.,en,en
translate idiom to malayalam: The truth is visible to anyone willing to look.,കണ്ണ് ഉള്ളവൻ കാണും,en,ml
translate idiom to english: దూరపు కొండలు నునుపు,Things look better or easier from far away than they actually are.,te,en
translate idiom to english: Hopes that fly in the wind.,Unrealistic or baseless expectations.,en,en
translate idiom to english: കൊല്ലത്ത് ചെന്ന് കൊല്ലർ ആകരുത്,Don't pretend to be an expert just because of superficial exposure.,ml,en
translate idiom to english: Time is medicine for everything.,Time heals all wounds and resolves all problems.,en,en
translate idiom to hindi: Familiarity breeds contempt; outsiders are valued more than locals.,घर का जोगी जोगड़ा आन गाँव का सिद्ध,en,hi
translate idiom to english: ఏకాంతం లో నిజం కనపడుతుంది,"When alone and quiet, one sees things as they truly are.",te,en
translate idiom to malayalam: Past and present mistakes are the same; same person repeating errors.,"ഓടിയ കാള, ഓടുന്ന കാള",en,ml
translate idiom to hindi: To eliminate someone.,ठिकाने लगाना,en,hi
translate idiom to english: ഊർജ്ജം ഉള്ളവൻ ഉണ്ണും,The active and driven person will always find a way to survive and thrive.,ml,en
translate idiom to english: कुएँ का मेंढक,A person with a very limited worldview and no exposure to the wider world.,hi,en
translate idiom to english: ఒంటరిగా వెలిగే దీపం,A person who stands out and excels without any support.,te,en
translate idiom to english: A well without water.,Something that appears useful but has nothing to offer.,en,en
translate idiom to english: എരിയുന്ന തീയിൽ എണ്ണ ഒഴിക്കുക (Eriyunna theeyil enna ozhikkuka),To make a bad situation worse; adding fuel to the fire.,ml,en
translate idiom to english: To light ghee lamps.,To celebrate a great victory or joy.,en,en
translate idiom to malayalam: Good and bad always coexist; you cannot have one without the other.,ഇലയും മുള്ളും ഒരുമിച്ചിരിക്കും,en,ml
translate idiom to telugu: A bad situation becoming worse due to an external factor.,అగ్నికి వాయువు తోడైనట్లు (Agniki vayuvu thodainatlu),en,te
translate idiom to english: ఇంటి దొంగను ఏ తాళమూ ఆపదు,Betrayal from within is impossible to prevent.,te,en
translate idiom to malayalam: True wisdom comes from personal experience.,ഏഴാം അറിവ് അനുഭവമാണ് (Ezham arivu anubhavamaanu),en,ml
translate idiom to malayalam: Two dominant people cannot coexist in the same space without conflict.,ഒരു കൂട്ടിൽ രണ്ടു പൂവൻ,en,ml
"translate idiom to english: A small mouth, big talk.",Speaking beyond one's standing or experience.,en,en
translate idiom to english: Keeping a foot on two boats.,Trying to pursue two conflicting paths simultaneously.,en,en
translate idiom to english: പുഴ കടന്നാൽ തോണി മറക്കും,People forget those who helped them once they no longer need them.,ml,en
translate idiom to malayalam: Ignoring a problem does not make it go away.,കണ്ണടച്ചാൽ ഇരുട്ടാവില്ല (Kannadachal iruttaavilla),en,ml
translate idiom to english: Eating from a wool blanket and picking out hairs.,Complaining about inevitable minor flaws in a situation.,en,en
translate idiom to english: अंगारे उगलना,To speak very harshly or angrily.,hi,en
translate idiom to english: A carefully placed step hits the target.,"Careful, deliberate action achieves better results than recklessness.",en,en
translate idiom to hindi: A small help in a difficult situation.,तिनके का सहारा,en,hi
"translate idiom to english: कौवे की चाल चली, हंस की चाल भी गई",Imitating others badly and also losing your own natural abilities.,hi,en
translate idiom to english: Teaching swimming while standing on the shore.,Giving advice or instructions about something you have never actually done yourself.,en,en
translate idiom to english: One who has been drenched in rain does not fear dew.,Someone who has faced great hardship fears nothing lesser.,en,en
translate idiom to english: గుడ్డి ఎద్దు జొన్న చేలో పడ్డట్టు (Guddi eddu jonna chelo paddattu),Doing things haphazardly and blindly ruining everything without direction.,te,en
translate idiom to english: ഒരു ദേശം ഒരു ഭാഷ,Unity of purpose and communication creates a cohesive community.,ml,en
translate idiom to english: Sit first before stretching your legs.,Secure your position before demanding more or acting arrogant.,en,en
translate idiom to english: చీమ కుట్టినా తట్టుకోవాలి,One must tolerate even small discomforts with patience.,te,en
translate idiom to english: కాకి పిల్ల కాకికి ముద్దు (Kaaki pilla kaakiki muddu),"Everyone loves their own offspring, regardless of their flaws.",te,en
translate idiom to telugu: Ignoring distractions or irrelevant matters.,వాటిని పక్కన పెట్టడం,en,te
translate idiom to english: अपनी गली में कुत्ता भी शेर होता है,People feel bold and brave only in their own familiar territory.,hi,en
translate idiom to hindi: The only son or hope of a family.,अंधेरे घर का उजाला,en,hi
translate idiom to english: मौका मिले तो माल उड़ाओ,Exploit an opportunity without hesitation.,hi,en
translate idiom to malayalam: Even the strongest or most experienced person can fail if they are careless.,അടി തെറ്റിയാൽ ആനയും വീഴും (Adi thettiyaal aaneyum veezhum),en,ml
translate idiom to hindi: An obvious or blatant lie.,सफेद झूठ,en,hi
"translate idiom to english: आधी छोड़ पूरी को धावे, आधी मिले न पूरी पावे",Greedily chasing more while abandoning what you have leads to total loss.,hi,en
"translate idiom to english: Stone by stone, a fort is built.",Small consistent efforts accumulate into something great.,en,en
translate idiom to english: A true friend is one who is useful in trouble.,"Real friendship is proven in difficult times, not easy ones.",en,en
translate idiom to hindi: To completely destroy or retaliate fiercely.,ईंट से ईंट बजाना,en,hi
translate idiom to english: Not everything comes to everyone.,Talent and fortune are not distributed equally; accept your lot.,en,en
translate idiom to english: రాళ్ళ మధ్య రత్నం,A truly exceptional person or thing found in an unlikely place.,te,en
translate idiom to english: Experience is the greatest teacher of all.,Real-life experience teaches better than any instruction.,en,en
translate idiom to hindi: Those with little knowledge or substance make the most noise.,थोथा चना बाजे घना,en,hi
translate idiom to telugu: Hiding mistakes makes them worse; confession is better.,చేసిన తప్పు చెప్పకపోతే పెరుగుతుంది,en,te
"translate idiom to telugu: If you speak politely, everyone will be good to you.",నోరు మంచిదైతే ఊరు మంచిదవుతుంది (Noru manchidaite ooru manchidavutundi),en,te
"translate idiom to english: First think, then act.",Careful thought before action prevents regret.,en,en
"translate idiom to english: Forget one fault, remember one virtue.",Focus on the good in others rather than their flaws.,en,en
translate idiom to telugu: A person without support or community is vulnerable.,ఒంటరిగా ఎదిగిన చెట్టు గాలికి విరుగుతుంది,en,te
translate idiom to english: Do you need to teach a baby fish how to swim?,You don't need to teach someone what they are naturally talented at.,en,en
translate idiom to english: The responsibility you have taken must be carried through.,"Once you accept a duty, you must fulfill it completely.",en,en
"translate idiom to english: ആനയ്ക്ക് ഒരു ദോഷം, കൊതുകിന് ഒരു ദോഷം","Everyone, great or small, has their own weakness.",ml,en
translate idiom to english: Incomplete knowledge is dangerous.,Partial understanding of something can cause more harm than total ignorance.,en,en
translate idiom to english: Eating chickpeas while blowing a conch.,Trying to do two incompatible things at once and failing at both.,en,en
translate idiom to english: छाँव में बैठकर धूप की बात करना,Speaking about hardship without having experienced it yourself.,hi,en
translate idiom to english: Pouring oil into fire.,Making a bad situation worse by adding fuel to it.,en,en
translate idiom to malayalam: Whoever created the problem is responsible for fixing it.,കൊണ്ടുവന്നവൻ കൊടുക്കണം,en,ml
translate idiom to hindi: Saying one thing publicly and doing something else privately; hypocrisy.,हाथी के दाँत खाने के और दिखाने के और,en,hi
translate idiom to malayalam: A person's nature is reflected in everything they produce or influence.,വളഞ്ഞ മരത്തിന് വളഞ്ഞ നിഴൽ,en,ml
translate idiom to telugu: Making impossible or false promises.,అరచేతిలో ఆకాశం చూపించడం,en,te
translate idiom to english: పులి మీద స్వారీ,Being in a situation you cannot get out of safely.,te,en
translate idiom to english: പറക്കുന്ന കിളി ചിറകൊടിഞ്ഞ് ഇറങ്ങും,Pride and overconfidence lead to a hard fall.,ml,en
translate idiom to english: ഇരുട്ടത്ത് ഇരുന്ന് വെളിച്ചത്തെ കുറ്റം പറയരുത്,Do not criticize what you yourself are refusing or failing to embrace.,ml,en
translate idiom to english: ആലോചിച്ച് ആലോചിച്ച് ആലസ്യം,Overthinking leads to paralysis and inaction.,ml,en
translate idiom to malayalam: Subordinates should not overstep when the leader is present.,തലയിരിക്കുമ്പോൾ വാലാടരുത് (Thalayirikkumbol vaaladaruthu),en,ml
translate idiom to english: మసి పూసి మారేడు కాయ చేసినట్లు (Masi poosi maredu kaya chesinatlu),Creating a fraudulent disguise or deceiving cleverly.,te,en
translate idiom to english: കൊടുക്കുന്നവൻ ദൈവം,A generous person is the most valued and respected in any community.,ml,en
translate idiom to english: कलई खुलना,A secret being revealed.,hi,en
translate idiom to english: Do not change the wheel of a moving vehicle.,Do not make major changes to something that is already working.,en,en
translate idiom to telugu: Knowledge and preparation make even difficult situations navigable.,దారి తెలిసిన వాడికి రాత్రి లేదు,en,te
translate idiom to telugu: Acknowledging a mistake is the first step to being forgiven.,తప్పు ఒప్పుకున్న వాడికే క్షమ,en,te
translate idiom to telugu: Attractive or desirable things often come with hidden difficulties.,అందంగా ఉన్న పువ్వుకు ముళ్ళు ఉంటాయి,en,te
translate idiom to english: One's anger is one's enemy.,Anger only destroys the person who is angry.,en,en
"translate idiom to english: పైకి మాట్లాడడం వేరు, చేయడం వేరు",There is a big gap between what people say and what they do.,te,en
translate idiom to english: ఒకరి బాధ ఒకరికి తెలియదు,Only the person experiencing hardship truly understands it.,te,en
translate idiom to english: ഭൂതം കൂടിയ ഇടത്ത് ദൈവം ഇല്ല,"Where there is corruption and wrongdoing, goodness cannot thrive.",ml,en
translate idiom to english: Let what is far away remain far away.,Do not meddle in matters that do not concern you.,en,en
translate idiom to english: मन चंगा तो कठौती में गंगा,A pure mind finds the divine everywhere; inner purity matters more than ritual.,hi,en
translate idiom to english: सौ सुनार की एक लुहार की,One decisive action is worth more than a hundred small or weak ones.,hi,en
translate idiom to english: ഉറക്കം കെട്ടവൻ കിടക്ക കുറ്റം പറയും,A bad workman blames his tools.,ml,en
translate idiom to english: No lock can stop the thief who is inside the house.,Betrayal from within is impossible to prevent.,en,en
translate idiom to telugu: Create value and people will naturally be attracted to you.,చెట్టు పండిస్తే పక్షి వస్తుంది,en,te
translate idiom to english: अपने मुँह मियाँ मिट्ठू बनना,To blow one's own trumpet; self-praise.,hi,en
translate idiom to malayalam: Every action has a corresponding consequence.,ഉപ്പ് തിന്നവൻ വെള്ളം കുടിക്കും,en,ml
translate idiom to english: വേരറുത്ത മരം പോലെ (Verarutha maram pole),Completely helpless and falling.,ml,en
translate idiom to english: All five fingers are not equal.,People and things are inherently different; equality is not universal.,en,en
translate idiom to telugu: You must ask for what you need; nothing comes without asking.,అడిగితేనే అమ్మ కూడా పెడుతుంది,en,te
translate idiom to english: हाथ साफ करना,To steal something or show sleight of hand.,hi,en
translate idiom to english: ओखली में सिर दिया तो मूसलों का क्या डर,"Once committed to a risky path, there is no point fearing its consequences.",hi,en
translate idiom to malayalam: Be content and resourceful with what is available.,ഉള്ളതു കൊണ്ട് ഒതുങ്ങിക്കഴിയണം,en,ml
translate idiom to english: Keeping one's eyes open.,Staying alert and aware of what is happening around you.,en,en
translate idiom to english: A big person will not do small work.,"People with status or pride avoid tasks they consider beneath them, even when necessary.",en,en
translate idiom to english: ఒక చేత తీసి ఒక చేత ఇవ్వడం,Giving and taking should be balanced; no one-sided relationships.,te,en
translate idiom to english: To tie the throat.,To face a difficult situation bravely.,en,en
"translate idiom to english: The earth asked, the man gave.",Death claims everyone; it is the one certainty in life.,en,en
translate idiom to english: అత్త మీద కోపం దుత్త మీద చూపినట్లు (Attha meeda kopam duttha meeda chupinatlu),Displaced anger; taking out frustration on innocent people or objects.,te,en
translate idiom to english: An old wound flares up again.,Old troubles or grief resurface unexpectedly.,en,en
"translate idiom to english: ഉടലിൽ ഒരു ജീവൻ, ഉള്ളിൽ ഒരു ഭയം",A person who has done wrong lives in constant fear of being exposed.,ml,en
translate idiom to english: പുഴയിൽ ഒഴുകുക,To go with the flow or adapt.,ml,en
translate idiom to english: చేతిలో ఉన్న పక్షి పదిన కంటే నయం,A certain small gain is better than a risky large one.,te,en
translate idiom to english: Friendship like a fox's tail.,"A deceptive, self-serving friendship that appears loyal but is not.",en,en
translate idiom to english: చంకలో పిల్లిని పెట్టుకొని ఊరంతా వెతికినట్లు (Chankalo pillini pettukoni oorantha vethikinatlu),Searching everywhere for something that is right in front of you.,te,en
translate idiom to english: The fragrance of a flower.,Something beautiful or pleasant.,en,en
"translate idiom to english: If it crosses the lip, it crosses the Penna river.",A secret once spoken spreads uncontrollably and widely.,en,en
translate idiom to english: తల దాచుకుంటే తోక కనిపిస్తుంది,You cannot conceal your wrongdoing entirely; something always gives you away.,te,en
translate idiom to english: ఆకలి రుచి ఎరగదు,"When in great need, one cannot be choosy.",te,en
translate idiom to english: A fallen leaf cannot rejoin the branch.,Some separations and losses are permanent and irreversible.,en,en
translate idiom to telugu: A person ignoring their own faults while criticizing others.,గురువింద గింజ తన నలుపు ఎరుగదు (Guruvinda ginja thana nalupu erugadu),en,te
translate idiom to english: One smile can remove a thousand sorrows.,Positivity and warmth have great healing power.,en,en
translate idiom to malayalam: Make hay while the sun shines; seize the opportunity.,കാറ്റുളളപ്പോൾ പാറ്റണം (Kattullappol pattanam),en,ml
translate idiom to english: पर उपदेश कुशल बहुतेरे,People are quick to advise others but rarely follow their own counsel.,hi,en
translate idiom to malayalam: Being in a state of absolute joy with unlimited access to what one loves.,കരിമ്പു കാട്ടിൽ ആന കയറിയതു പോലെ (Karimbu kattil aana kayariyathu pole),en,ml
"translate idiom to english: If there is no bamboo, there will be no flute music.",Eliminating the source of a problem stops it completely.,en,en
translate idiom to english: ഓടുന്ന കുതിരക്ക് ചാട്ടവാർ വേണ്ട,A motivated and capable person needs no external push.,ml,en
translate idiom to english: മിന്നുന്നതെല്ലാം പൊന്നല്ല (Minnunnathellam ponnalla),Appearances can be deceptive.,ml,en
translate idiom to english: ഇഷ്ടമുള്ളത് ചെയ്‌താൽ ഇഷ്ടം വരും,Passion leads to mastery and fulfillment.,ml,en
translate idiom to english: Don't make an enemy of the crocodile while living in water.,Avoid conflict with those who have power over you.,en,en
translate idiom to hindi: To harm oneself.,अपने पैर पर कुल्हाड़ी मारना,en,hi
translate idiom to english: He dug his own pit.,A person who caused their own downfall through their own actions.,en,en
translate idiom to english: A working hand always has another hand to support it.,Those who work hard attract help and support.,en,en
translate idiom to english: जैसी करनी वैसी भरनी,Your actions determine your consequences.,hi,en
translate idiom to english: A drowning man will catch even a straw.,A desperate person will try any small chance to save themselves.,en,en
translate idiom to english: ఒంటె మోసిన భారం,"A person who silently bears an enormous, unacknowledged load.",te,en
translate idiom to english: ఉరుము ఉరుమి మంగలం మీద పడ్డట్టు (Urumu urumi mangalam meeda paddattu),A huge buildup that results in a minor or pathetic outcome.,te,en
translate idiom to english: राई का पहाड़ बनाना,To exaggerate a small issue.,hi,en
translate idiom to english: एक अनार सौ बीमार,Demand is much higher than supply.,hi,en
translate idiom to english: Experience is the teacher of all things.,Practical experience teaches better than any instruction.,en,en
translate idiom to malayalam: A chronic fault-finder who never contributes anything positive.,കുറ്റം പറഞ്ഞ് കഴിയുന്നവൻ,en,ml
translate idiom to english: Friends are not known in hardship but in comfort.,"True friends are revealed in hard times, not easy ones.",en,en
translate idiom to english: Trust is understood only after it is lost.,The value of trust is realized only when it is broken.,en,en
translate idiom to hindi: To progress very rapidly.,दिन दूनी रात चौगुनी,en,hi
translate idiom to english: जल्दी का काम शैतान का,Rushing leads to mistakes; patience produces better results.,hi,en
"translate idiom to telugu: Going through a very difficult, painful, or uncomfortable situation.",ముళ్ళ మీద నడవడం,en,te
translate idiom to english: గొంతు కట్టడం,To face a difficult situation bravely.,te,en
"translate idiom to english: Trouble if you eat, trouble if you don't.",A situation where every option leads to a problem; a no-win situation.,en,en
translate idiom to english: Don't think so much that nothing gets done.,Overthinking leads to paralysis; sometimes action must replace analysis.,en,en
translate idiom to hindi: A secret being revealed.,कलई खुलना,en,hi
translate idiom to english: దొంగకు తాళం వేసినా లాభం లేదు,Precautions are pointless if the threat is already within.,te,en
translate idiom to english: రాయి దెబ్బకు నీళ్ళు లేవు,Force or aggression cannot bring about what requires patience and skill.,te,en
translate idiom to english: घाव हरा हो जाना,Old pain being revived by a new reminder.,hi,en
translate idiom to malayalam: Carelessly spending or destroying property that belongs to someone else.,കാട്ടിലെ തടി തേവരുടെ ആന (Kaattile thadi thevarude aana),en,ml
translate idiom to english: Bad company yields bad results.,The people you associate with shape who you become.,en,en
"translate idiom to english: ഇലകൾ കൊഴിഞ്ഞ് പോകും, വേര് നിൽക്കും","Surface-level things change, but core foundations endure.",ml,en
translate idiom to english: साँप भी मर जाए और लाठी भी न टूटे,Achieving the goal without losing or sacrificing anything.,hi,en
translate idiom to english: വിദ്വാന് എവിടെയും സ്ഥാനം (Vidwanu evideyum sthaanam),Knowledge and talent will bring respect regardless of location.,ml,en
translate idiom to english: Double result requires double effort.,Greater rewards demand greater work.,en,en
translate idiom to english: Find the joint and apply the brand.,Speak or act precisely where it hurts or matters the most.,en,en
"translate idiom to english: Leaves fall, but the tree stands.",Individuals come and go but the institution or family remains.,en,en
translate idiom to hindi: To catch red-handed.,रंगे हाथों पकड़ना,en,hi
translate idiom to english: रातों की नींद हराम होना,To be extremely worried or anxious.,hi,en
translate idiom to english: ఒక్క మాటకు వెయ్యి అర్థాలు,Words are powerful and can be interpreted in many ways; choose them carefully.,te,en
translate idiom to english: చిన్న వయసులో చదివించాలి,The best time to learn and develop habits is in youth.,te,en
translate idiom to english: పండిత పుత్ర శుంఠ (Pandita putra shuntha),Genius is not always inherited.,te,en
translate idiom to english: उल्टा चोर कोतवाल को डाँटे,The wrongdoer blames or attacks the person trying to hold them accountable.,hi,en
translate idiom to hindi: Something that adds extra value to something already excellent.,सोने पर सुहागा,en,hi
translate idiom to hindi: A person loses all their power yet retains their arrogance.,रस्सी जल गई पर ऐंठन न गई,en,hi
translate idiom to english: పెదవి దాటితే పెన్న దాటుతుంది (Pedavi daatithe penna daatuthundi),A secret once spoken spreads uncontrollably and widely.,te,en
translate idiom to english: കാക്ക മലർന്നു പറക്കുമോ (Kaakka malarnnu parakkumo),Something that is completely impossible.,ml,en
translate idiom to malayalam: Craving or planning for something prematurely before it is ready.,ചക്ക വേരിൽ തൊടുമ്പോൾ കൊതി,en,ml
translate idiom to hindi: Attempting the impossible; wasting effort on something that cannot yield results.,पत्थर पर दूब उगाना,en,hi
translate idiom to hindi: To steal something or show sleight of hand.,हाथ साफ करना,en,hi
translate idiom to english: ആളെ കണ്ടിട്ട് ആശ,Do not count on help until it is actually in front of you.,ml,en
translate idiom to hindi: To aggravate a situation.,आग में घी डालना,en,hi
"translate idiom to english: ఆవు చేలో మేస్తే దూడ గట్టున మేస్తుందా (Aavu chelo meste, duda gattuna mestunda)","Like father, like son; children imitate their parents.",te,en
translate idiom to english: దీపం ఉన్నంత వరకే వెలుతురు,Support or resources last only for a limited time; make use of them while they exist.,te,en
translate idiom to english: टेढ़ी उँगली से घी निकालना,Using indirect or clever means to achieve something that won't yield to a direct approach.,hi,en
translate idiom to english: Bread breaking and falling into ghee.,A completely unexpected stroke of good luck.,en,en
translate idiom to malayalam: A person can only show outwardly what they truly possess within.,ഉള്ളിൽ ഇല്ലാത്തത് വെളിയിൽ കാണില്ല,en,ml
translate idiom to english: വെളുക്കാൻ തേച്ചത് പാണ്ടായി (Velukkan thechathu paandaayi),An attempt to improve a situation made it disastrously worse.,ml,en
"translate idiom to english: In water, a crocodile can catch an elephant.",Everyone is powerful on their home turf.,en,en
translate idiom to telugu: Absolute power dictates consequences effortlessly.,రాజు తలుచుకుంటే దెబ్బలకు కొదవా (Raju thaluchukunte debbalaku kodavaa),en,te
translate idiom to english: నిద్ర పోయిన వాడిని లేపడం కష్టం,It is very difficult to make someone aware who chooses to be ignorant.,te,en
translate idiom to english: आँखें चार होना,To meet face to face; also to fall in love.,hi,en
translate idiom to english: Sprinkling salt on wounds.,Adding to someone's pain.,en,en
translate idiom to english: He who lives by the sword dies by the sword.,Those who commit violence will eventually suffer from it.,en,en
translate idiom to english: Do not kill a person without knowing them.,Do not judge or punish someone before knowing the full truth about them.,en,en
translate idiom to english: To throw dust in eyes.,To deceive someone.,en,en
translate idiom to english: నీళ్ళు లేని బావి,Something that appears useful but has nothing to offer.,te,en
"translate idiom to english: बगल में छोरा, शहर में ढिंढोरा",Looking everywhere for something that is right beside you.,hi,en
translate idiom to english: రొట్టె విరిగి నేతిలో పడ్డట్టు (Rotte virigi nethilo paddattu),A completely unexpected stroke of good luck.,te,en
translate idiom to english: പണം പത്തും ഉണ്ടെങ്കിൽ ഗുണം പത്തും,Wealth is perceived as a substitute for good character; money changes how people are treated.,ml,en
translate idiom to english: The sapling you planted gives shade.,Early investments of effort or kindness yield rewards in the future.,en,en
"translate idiom to english: Came to pray to Hari, ended up carding cotton.",Getting distracted from the original purpose by irrelevant activities.,en,en
translate idiom to english: Will the palanquin stop if a dog barks?,The progress of the great will not be stopped by the criticism of the insignificant.,en,en
"translate idiom to english: Timber from the forest, elephant belongs to the Lord.",Carelessly spending or destroying property that belongs to someone else.,en,en
translate idiom to english: To sit in protest.,To stand firm on an issue.,en,en
translate idiom to english: నిండు కుండ తొణకదు (Nindu kunda thonakadu),A truly wise and knowledgeable person is calm and doesn't show off.,te,en
translate idiom to hindi: The wrongdoer blames or attacks the person trying to hold them accountable.,उल्टा चोर कोतवाल को डाँटे,en,hi
translate idiom to english: Even a snake fed with milk will bite.,A wicked person will betray you even if you treat them well.,en,en
translate idiom to english: Silence is equal to gold.,Knowing when to stay quiet is a great virtue.,en,en
translate idiom to telugu: Losing something valuable at the last moment despite all the hard work.,పండిన పంట గాలికి పోయింది,en,te
translate idiom to english: A cat on the wall.,Someone who is indecisive and tries to stay neutral when a choice must be made.,en,en
translate idiom to english: കണ്ണ് ഉള്ളവൻ കാണും,The truth is visible to anyone willing to look.,ml,en
translate idiom to english: కంచే చేను మేసినట్లు (Kanche chenu mesinatlu),The protector turning into the predator.,te,en
translate idiom to english: To make a palm tree out of a sesame seed.,To make a mountain out of a molehill.,en,en
"translate idiom to telugu: You can only help someone so much; eventually, they must do the work themselves.",తాడి చెట్టు ఎక్కే వాడిని ఎంత వరకు ఎగదోయాలి (Thaadi chettu ekke vaadini entha varaku egadoyali),en,te
translate idiom to english: Know the depth of the sea before you descend.,Understand the risks before committing to something.,en,en
translate idiom to english: ആശാന് അടുപ്പിലും ആവാം (Aashaanu aduppilum aavam),Experts or masters are granted exceptions to the rules.,ml,en
translate idiom to hindi: To start something new.,श्री गणेश करना,en,hi
translate idiom to english: You cannot clap with one hand.,A conflict or collaboration requires both parties.,en,en
translate idiom to english: తప్పు ఒప్పుకోవడం ధైర్యం,It takes real bravery to accept and acknowledge one's errors.,te,en
translate idiom to telugu: Famous in name but lacking in actual substance.,పేరు గొప్ప ఊరు దిబ్బ (Peru goppa ooru dibba),en,te
translate idiom to english: అడవిలో అగ్గిపుల్ల వేయడం,A small action that triggers a massive and uncontrollable consequence.,te,en
translate idiom to telugu: Success is not accidental; it requires the right conditions and effort.,ఎక్కడ పడితే అక్కడ పడవు,en,te
translate idiom to english: The burden the camel carried.,"A person who silently bears an enormous, unacknowledged load.",en,en
translate idiom to english: రాజు తలుచుకుంటే దెబ్బలకు కొదవా (Raju thaluchukunte debbalaku kodavaa),Absolute power dictates consequences effortlessly.,te,en
translate idiom to hindi: Celebrating lavishly over good news.,घी के दिये जलाना,en,hi
translate idiom to english: जिसे पीना है वह कुएँ तक जाएगा,A truly motivated person will make the effort to get what they need.,hi,en
translate idiom to english: A bull that ran and a bull that runs.,Past and present mistakes are the same; same person repeating errors.,en,en
translate idiom to english: బుద్ధి ఉన్న వాడు బురద లో పడడు,Intelligence and foresight keep you out of avoidable trouble.,te,en
translate idiom to telugu: Youth imparts an automatic illusion of beauty.,వయసొస్తే వంకర కర్ర కూడా అందంగా ఉంటుంది (Vayasoste vankara karra kuda andanga untundi),en,te
translate idiom to english: Even a dog is a lion in its own lane.,People feel bold and brave only in their own familiar territory.,en,en
translate idiom to english: मुँह में राम बगल में छुरी,Someone who appears pious or friendly but harbors deceitful intentions.,hi,en
translate idiom to english: మంచి పనికి ముద్ర వేయడం,To acknowledge or validate good work.,te,en
translate idiom to malayalam: To face difficulties or challenges.,വെള്ളം കയറി,en,ml
translate idiom to english: చెట్టు పండిస్తే పక్షి వస్తుంది,Create value and people will naturally be attracted to you.,te,en
translate idiom to english: മരം കേറിയവൻ ഒരുനാൾ ഇറങ്ങും,No one can stay at the top forever; pride before a fall.,ml,en
translate idiom to malayalam: Do not chase fantasies or illusions as if they were real.,ഉറക്കത്തിൽ കണ്ടതിനെ ഉണർന്ന് തേടരുത്,en,ml
translate idiom to english: ఆకలికి రుచి తెలియదు,"When desperately in need, one cannot afford to be choosy.",te,en
translate idiom to english: सांप भी मर जाए और लाठी भी न टूटे,Finding a solution that satisfies all parties without loss.,hi,en
"translate idiom to english: തോർക്കാൻ ഒരു കൈ, കൂട്ടാൻ ഒരു കൈ",Every loss must be balanced by a gain; life has give and take.,ml,en
translate idiom to english: అందమైన పాత్ర ఖాళీగా ఉంటుంది,Attractive appearances often conceal a lack of real substance.,te,en
"translate idiom to english: On a known path, one need not stumble.",Familiarity with a situation prevents unnecessary mistakes.,en,en
"translate idiom to hindi: An active, functional person or thing has value; only those who work are respected.",चलती का नाम गाड़ी,en,hi
"translate idiom to english: If it can be said in one word, a thousand words are unnecessary.",Concise communication is more powerful than lengthy explanation.,en,en
translate idiom to english: One struck by lightning does not fear the wind.,Someone who has survived great hardship is not intimidated by lesser difficulties.,en,en
translate idiom to english: One small and one big.,A mismatched pair; two things that do not belong together.,en,en
translate idiom to english: ദൈവം സൃഷ്ടിച്ചതും ദൈവം നശിപ്പിക്കും,Everything that exists will eventually end; impermanence is universal.,ml,en
translate idiom to hindi: The rewards of genuine effort are more satisfying.,मेहनत का फल मीठा होता है,en,hi
"translate idiom to english: When there is no cat, the mice celebrate.","In the absence of authority, those below misbehave freely.",en,en
translate idiom to english: పట్టు వదలని విక్రమార్కుడు,A person of relentless determination who never lets go of their goal.,te,en
translate idiom to malayalam: Completely helpless and falling.,വേരറുത്ത മരം പോലെ (Verarutha maram pole),en,ml
"translate idiom to hindi: With luck and favour on your side, even an incompetent person can succeed.",खुदा मेहरबान तो गधा पहलवान,en,hi
translate idiom to english: Jumping into fire.,Knowingly walking into a dangerous or harmful situation.,en,en
translate idiom to english: ഒരുത്തൻ ഒരുത്തന്റെ കണ്ണ് കുത്തും,People will harm those closest to them out of jealousy or rivalry.,ml,en
translate idiom to english: കാക്കയ്ക്കും തൻ കുഞ്ഞ് പൊൻകുഞ്ഞ് (Kakkakkum than kunju pon kunju),"Everyone loves their own offspring dearly, regardless of flaws.",ml,en
translate idiom to english: One person's joy is another's sorrow.,The same event can bring happiness to one and pain to another.,en,en
translate idiom to telugu: Being broke but putting on wealthy airs.,"చేతిలో చిల్లిగవ్వ లేదు, చంకలో జమిందారీ (Chethilo chilligavva ledu, chankalo jamindaari)",en,te
translate idiom to english: ഒരു ചിരി ആയിരം ദുഃഖം മാറ്റും,Positivity and warmth have great healing power.,ml,en
translate idiom to english: ఒక్క మాటలో చెప్పగలిగితే వేయి మాటలు వద్దు,Concise communication is more powerful than lengthy explanation.,te,en
translate idiom to hindi: Sometimes you need to be clever or indirect to get things done.,सीधी उँगली से घी नहीं निकलता,en,hi
translate idiom to telugu: Take advantage of an opportunity when it is available.,నీళ్ళు వచ్చినప్పుడే కాలువ తవ్వాలి,en,te
translate idiom to english: To do Shri Ganesh.,To start something new.,en,en
translate idiom to english: ఒంటరి చేయి చప్పట్లు కొట్టదు,No conflict or achievement happens without two parties.,te,en
translate idiom to english: గోడమీద పిల్లి,Someone who is indecisive and tries to stay neutral when a choice must be made.,te,en
translate idiom to english: గుండె ధైర్యం ఉంటే గోడ కూడా మాట్లాడుతుంది,Courage opens up possibilities that seem impossible.,te,en
translate idiom to hindi: Presentation and visibility matter; things that are noticed get attention and value.,जो दिखता है वह बिकता है,en,hi
translate idiom to hindi: To exaggerate a small issue.,राई का पहाड़ बनाना,en,hi
translate idiom to telugu: Complaining about inevitable minor flaws in a situation.,గొంగళిలో తింటూ వెంట్రుకలు ఏరుకున్నట్లు (Gongalilo thintu ventrukalu eerukunnatlu),en,te
"translate idiom to english: నక్క ఎక్కడ, నాగలోకం ఎక్కడ (Nakka ekkada, nagalokam ekkada)",A mismatch of monumental proportions; comparing the lowest to the highest.,te,en
translate idiom to english: नाम बड़े दर्शन छोटे,Something or someone that is famous but disappointing in reality.,hi,en
translate idiom to english: ठिकाने लगाना,To eliminate someone.,hi,en
translate idiom to english: ഒരുമയുണ്ടെങ്കിൽ ഉലക്കമേലും കിടക്കാം (Orumayundengil ulakkamelum kidakkam),Any difficult situation is manageable if people stand united.,ml,en
translate idiom to english: Only the one with self-confidence wins.,Belief in oneself is the foundation of success.,en,en
translate idiom to english: ശ്വാനന്റെ വാല് പന്തീരാണ്ട് കുഴലിലിട്ടാലും വളഞ്ഞു തന്നെ (Shwanante vaalu pantheerandu kuzhalilittalum valanju thanne),You cannot change the fundamental bad nature of a person.,ml,en
translate idiom to english: You drink the water and then ask about the caste.,Raising irrelevant objections only after already benefiting from something.,en,en
translate idiom to telugu: Foolishly imitating someone greater and hurting oneself.,పులిని చూసి నక్క వాతలు పెట్టుకున్నట్లు (Pulini chusi nakka vathalu pettukunnatlu),en,te
translate idiom to malayalam: Cherish and be generous with those close to you.,"ഉറ്റവരെ ഓർക്കണം, ഉള്ളത് കൊടുക്കണം",en,ml
translate idiom to malayalam: Young people lack the experience to make wise decisions.,ചെറിയ പ്രായത്തിൽ ചെറിയ ബുദ്ധി,en,ml
translate idiom to hindi: Assessing a situation before taking a position.,हवा का रुख देखना,en,hi
translate idiom to telugu: Someone who has endured great hardship is not afraid of lesser challenges.,వానలో తడిసిన వాడికి మంచు భయం లేదు,en,te
translate idiom to english: Distant mountains appear smooth.,Things look better or easier from far away than they actually are.,en,en
translate idiom to english: भैंस के आगे बीन बजाना,Casting pearls before swine.,hi,en
translate idiom to hindi: To serve only one's own selfish interests.,अपना उल्लू सीधा करना,en,hi
translate idiom to malayalam: Starting with great enthusiasm but losing momentum over time.,"ആദ്യം ഓടി, പിന്നെ നടന്നു",en,ml
translate idiom to malayalam: The grass is always greener on the other side.,അക്കരെ നിൽക്കുമ്പോൾ ഇക്കരെ പച്ച (Akkare nilkkumpol ikkare pacha),en,ml
translate idiom to english: Even one born with you can become an enemy.,No relationship guarantees loyalty; even siblings can betray you.,en,en
translate idiom to malayalam: Applying the same standard or punishment regardless of size or severity.,"ആനക്കൊരു ദണ്ഡ്, ആട്ടിൻകുട്ടിക്കൊരു ദണ്ഡ്",en,ml
translate idiom to english: ఒక్కో మెట్టు ఎక్కాలి,Success requires patience and a step-by-step process.,te,en
translate idiom to english: తడి గుడ్డతో గొంతు కోయడం (Thadi guddatho gonthu koyadam),Betraying someone slowly and sweetly from the inside.,te,en
translate idiom to english: A cat that fell in boiling water will fear even cold water.,"Once bitten, twice shy.",en,en
translate idiom to telugu: A guilty person is afraid of everything around them.,తప్పు చేసిన వాడికి నీడ కూడా శత్రువు,en,te
translate idiom to malayalam: You must confront challenges head-on rather than avoid them.,ഒഴുക്കിനെ നേരിടണം,en,ml
translate idiom to english: വലിയ ആൾ ചെറിയ ജോലി ചെയ്യില്ല,"People with status or pride avoid tasks they consider beneath them, even when necessary.",ml,en
"translate idiom to english: Do what you say, don't say what you have done.","Be a person of action and quiet deeds, not empty words.",en,en
translate idiom to english: ഉച്ചി മുതൽ ഉള്ളം കാൽ വരെ,Completely; through and through; from top to bottom.,ml,en
translate idiom to english: പൊളിഞ്ഞ കപ്പൽ ഒഴുകില്ല,A fundamentally flawed system or plan cannot succeed.,ml,en
translate idiom to english: To warm the fist.,To give a bribe.,en,en
translate idiom to telugu: No reward comes without effort and struggle.,కష్టం లేకుండా ఫలం లేదు,en,te
translate idiom to telugu: Death claims everyone; it is the one certainty in life.,"మట్టి అడిగింది, మనిషి ఇచ్చాడు",en,te
translate idiom to hindi: Preparing for a crisis only after it has already begun.,आग लगने पर कुआँ खोदना,en,hi
translate idiom to english: అనుభవం అన్నింటికీ గురువు,Practical experience teaches better than any instruction.,te,en
translate idiom to hindi: To succeed in a trick or plan.,दाल गलना,en,hi
translate idiom to english: A stone in the river becomes smooth over time.,Persistent exposure gradually changes even the hardest of things.,en,en
translate idiom to telugu: Displaced anger; taking out frustration on innocent people or objects.,అత్త మీద కోపం దుత్త మీద చూపినట్లు (Attha meeda kopam duttha meeda chupinatlu),en,te
translate idiom to english: Time is very powerful.,Time changes everything; no situation is permanent.,en,en
translate idiom to telugu: Washing one's hands of all responsibility and letting others deal with the mess.,తాంబూలాలిచ్చేశాను తన్నుకు చావండి (Thamboolalichhesanu thannuku chavandi),en,te
translate idiom to telugu: Everything happens according to the will of God.,శివుని ఆజ్ఞ లేనిదే చీమైనా కుట్టదు (Shivuni aagna lenide cheemaina kuttadu),en,te
translate idiom to hindi: To run very fast.,हवा से बातें करना,en,hi
translate idiom to hindi: Power belongs to those who are strongest; might is right.,जिसकी लाठी उसकी भैंस,en,hi
translate idiom to english: An elephant has different teeth for eating and for showing.,Saying one thing publicly and doing something else privately; hypocrisy.,en,en
translate idiom to malayalam: No relationship guarantees loyalty; even siblings can betray you.,കൂടെ ജനിച്ചവനും ശത്രുവാകും,en,ml
translate idiom to english: ഉറക്കത്തിൽ കണ്ടതിനെ ഉണർന്ന് തേടരുത്,Do not chase fantasies or illusions as if they were real.,ml,en
translate idiom to english: No bone in the hand.,Being extremely generous and giving freely.,en,en
translate idiom to english: किताबी कीड़ा होना,To be always reading.,hi,en
translate idiom to english: വടിയെടുത്തു വാഴ വെട്ടരുത് (Vadiyeduthu vazha vettaruthu),Do not do foolish things; use the right tools for the right job.,ml,en
translate idiom to english: To grind lentils on someone's chest.,To deliberately annoy someone while staying close to them.,en,en
translate idiom to hindi: Something mixed and inconsistent; neither one thing nor another.,आधा तीतर आधा बटेर,en,hi
"translate idiom to english: Drop by drop, an ocean is formed.",Small consistent efforts accumulate into great results.,en,en
translate idiom to telugu: Persistent exposure gradually changes even the hardest of things.,నదిలో రాయి ఎంత కాలమైనా మెత్తగా అవుతుంది,en,te
translate idiom to english: A tit-for-tat answer.,"Giving a sharp, fitting counter-reply to a remark.",en,en
translate idiom to english: कमर कसना,To get ready for a difficult task.,hi,en
translate idiom to malayalam: You learn the best lessons from your own experiences.,അനുഭവം ആണ് മഹാ ഗുരു (Anubhavam aanu mahaa guru),en,ml
translate idiom to telugu: Hypocritical help from an enemy who actually intends to harm you.,కప్పకు పుండు వస్తే పాము తల దడిమినట్లు (Kappaku pundu vaste paamu thala dadiminatlu),en,te
translate idiom to malayalam: Collective noise without action or unity of purpose achieves nothing.,കൂട്ടത്തോടെ കൂവിയാൽ ഫലമില്ല,en,ml
translate idiom to hindi: A trick or deception can only work once.,काठ की हाँडी बार बार नहीं चढ़ती,en,hi
translate idiom to telugu: Those who work hard attract help and support.,పని చేసే చేయికి మరో చెయ్యి తోడుగా ఉంటుంది,en,te
translate idiom to hindi: People with little knowledge tend to show off the most.,अधजल गगरी छलकत जाए,en,hi
translate idiom to english: ఏరు దాటాక బోడి మల్లన్న (Eru daataka bodi mallanna),Being extremely ungrateful once a favor is received.,te,en
translate idiom to telugu: Kind and careful speech creates goodwill everywhere you go.,నోరు మంచిదైతే ఊరు మంచిది,en,te
translate idiom to english: Remember while you still can remember.,Do not take things or people for granted; appreciate while you still have them.,en,en
translate idiom to hindi: To regret.,हाथ मलना,en,hi
translate idiom to telugu: Things in life keep moving; change is inevitable.,నీళ్ళు నిలబడవు,en,te
translate idiom to hindi: One bad person can corrupt an entire group.,एक मछली सारे तालाब को गंदा करती है,en,hi
translate idiom to english: Cutting a throat with a wet cloth.,Betraying someone slowly and sweetly from the inside.,en,en
translate idiom to english: ఉప్పు తిన్న ఇంటికి ద్రోహం చేయకు,Never betray those who have fed and sheltered you.,te,en
translate idiom to english: ఉప్పు అప్పు రెండూ చేయకూడదు,Small debts create big problems; avoid borrowing even trivial things.,te,en
translate idiom to english: One person's pain is not known to another.,Only the person experiencing hardship truly understands it.,en,en
translate idiom to english: തെറ്റ് ഒരിക്കൽ ക്ഷമിക്കാം,"Forgiveness is possible for a first mistake, but repeated offenses cannot be excused.",ml,en
translate idiom to malayalam: Selfishly taking advantage of someone else's disaster.,പുര കത്തുമ്പോൾ വാഴ വെട്ടുക (Pura kathumbol vazha vettuka),en,ml
translate idiom to english: He who eats salt will drink water.,Every action has a corresponding consequence.,en,en
translate idiom to english: జాగ్రత్తగా వేసిన అడుగే గురిచేరుతుంది,"Careful, deliberate action achieves better results than recklessness.",te,en
translate idiom to english: आँखें खुली रखना,Staying alert and aware of what is happening around you.,hi,en
translate idiom to malayalam: Joy and sorrow take turns; no one escapes either.,"ഒരിക്കൽ ചിരിക്കുന്നവൻ, ഒരിക്കൽ കരയും",en,ml
"translate idiom to english: When the eclipse passes, the light returns.",Difficult times are temporary; clarity and goodness will return.,en,en
translate idiom to english: Move when hardship comes; do not sit still when comfort comes.,Face adversity actively and do not become complacent during good times.,en,en
translate idiom to english: To see dreams.,To aspire or hope for something better.,en,en
translate idiom to malayalam: Out of the frying pan and into the fire.,പടപേടിച്ച് പന്തളത്ത് ചെന്നപ്പോൾ അവിടെ പന്തം കൊളുത്തി പട (Pada pedichu panthalathu chennappol avide pantham koluthi pada),en,ml
translate idiom to english: പൂച്ചക്ക് ആരു മണി കെട്ടും,Who will dare to do the risky task that everyone agrees needs to be done?,ml,en
"translate idiom to telugu: Regardless of your reaction, the outcome will not change.",ఆడినా ఏడ్చినా ఒకటే,en,te
translate idiom to english: Like a tree with its roots cut.,Completely helpless and falling.,en,en
translate idiom to telugu: Reward comes only to those who work for it.,కష్టపడిన వాడికే ఫలం,en,te
translate idiom to english: Enmity with the boat while living in the river.,Opposing the very thing that keeps you safe or helps you survive.,en,en
translate idiom to english: പഠിക്കുന്ന കാലത്ത് പഠിക്കണം,Every phase of life has its proper activity; missing the right time is costly.,ml,en
translate idiom to english: A half-baked doctor is a danger to life.,Partial knowledge or incompetent expertise is dangerous.,en,en
translate idiom to telugu: What could have been beneficial becomes harmful through procrastination.,ఆలస్యం అమృతం విషం,en,te
translate idiom to english: They take away the ladder once you've climbed the steps.,People remove the means of progress for others once they themselves have benefited.,en,en
translate idiom to english: A place where the household goddess resides.,"A home that is blessed with warmth, prosperity, and harmony.",en,en
translate idiom to telugu: Good inputs and intentions lead to good outcomes.,మంచి విత్తనం మంచి పంట,en,te
translate idiom to telugu: Ignoring wise counsel from those who care about you leads to regret.,తల్లి మాట వినని వాడికి తర్వాత పశ్చాత్తాపం,en,te
translate idiom to hindi: Regretting after the damage is done is useless.,हाथ कटे बाद पछतावा क्या,en,hi
translate idiom to english: A crooked tree has a crooked shadow.,A person's nature is reflected in everything they produce or influence.,en,en
translate idiom to malayalam: Wealth is perceived as a substitute for good character; money changes how people are treated.,പണം പത്തും ഉണ്ടെങ്കിൽ ഗുണം പത്തും,en,ml
translate idiom to english: The rope burned but the twist didn't leave it.,"Even after losing everything, the arrogant person does not give up their pride.",en,en
translate idiom to english: आए थे हरि भजन को ओटन लगे कपास,Getting distracted from the original purpose by irrelevant activities.,hi,en
translate idiom to telugu: A person who caused their own downfall through their own actions.,తన గోతి తాను తవ్వుకున్నాడు,en,te
translate idiom to english: There is no god greater than the mother.,A mother is the supreme figure of love and reverence.,en,en
translate idiom to telugu: Experience and age bring quality and wisdom.,పాత బియ్యం పాయసం బాగుంటుంది,en,te
translate idiom to english: సమయానికి వచ్చిన సహాయం,Timely assistance is the most valuable kind.,te,en
"translate idiom to english: You can live by lying, but only once.",Deception may work once but eventually fails.,en,en
translate idiom to english: घर का भेदी लंका ढाए,Betrayal from within causes the greatest damage.,hi,en
translate idiom to english: నీటిలో మొసలి ఏనుగును పట్టుకుంటుంది (Neetilo mosali enugunu pattukuntundi),Everyone is powerful on their home turf.,te,en
translate idiom to telugu: Ignoring advice leads to regret.,చెప్పినా వినకపోతే చెడుతారు,en,te
translate idiom to hindi: To risk one's life.,जान हथेली पर रखना,en,hi
translate idiom to english: मुसीबत कभी अकेली नहीं आती,Problems tend to arrive together in clusters.,hi,en
"translate idiom to english: Work at work time, play at play time.",There is a right time for everything; don't mix responsibilities with leisure.,en,en
translate idiom to hindi: Knowing when to stay quiet is a great virtue.,चुप रहना सोने के बराबर,en,hi
translate idiom to english: चुल्लू भर पानी में डूब मरना,To be deeply ashamed.,hi,en
translate idiom to telugu: A certain small gain is better than a risky large one.,చేతిలో ఉన్న పక్షి పదిన కంటే నయం,en,te
translate idiom to telugu: Trying to do two incompatible things at once and failing at both.,శనగలు తింటూ శంఖం ఊదినట్లు (Sanagalu thintu shankham oodinatlu),en,te
translate idiom to english: हाथ-पाँव मारना,To make desperate efforts.,hi,en
"translate idiom to english: If the king wills it, is there a shortage of beatings?",Absolute power dictates consequences effortlessly.,en,en
translate idiom to english: To fill ears.,To poison someone's mind against another.,en,en
translate idiom to hindi: A person who is completely useless but consumes resources.,काम का न काज का दुश्मन अनाज का,en,hi
translate idiom to english: Sail according to the wind.,Adapt your actions according to the changing circumstances.,en,en
translate idiom to english: जो दिखता है वो होता नहीं,Reality is often different from appearances.,hi,en
translate idiom to english: Two birds with one stone.,Accomplishing two goals with a single action.,en,en
translate idiom to hindi: Making a painful situation even worse through words or actions.,कटे पर नमक छिड़कना,en,hi
translate idiom to english: കഴിഞ്ഞ കാലം കഴിഞ്ഞു,Stop dwelling on the past; move forward.,ml,en
translate idiom to english: An ocean in a pot.,Expressing great depth of meaning in very few words.,en,en
translate idiom to english: नमक मिर्च लगाना,To exaggerate a story.,hi,en
translate idiom to english: अंधे की लाठी,The only support.,hi,en
translate idiom to english: ജോലി ചെയ്യുന്നവൻ തൊഴിൽ നേടും,Hard work and initiative create their own opportunities.,ml,en
translate idiom to english: Bringing a dog and making it sit on a throne.,"Elevating an undeserving, ill-mannered person to a high position.",en,en
"translate idiom to english: సగం చదువు, సగం వైద్యం ప్రమాదకరం (Sagam chaduvu, sagam vaidyam pramadaakaram)",Incomplete knowledge is worse than total ignorance.,te,en
translate idiom to malayalam: A generous person is the most valued and respected in any community.,കൊടുക്കുന്നവൻ ദൈവം,en,ml
"translate idiom to telugu: Something that is fleeting, impermanent, or useless.",నీటిలో రాతలు (Neetilo raathalu),en,te
translate idiom to telugu: Accomplishing two goals with a single action.,ఒకే రాయి తో రెండు పక్షులు,en,te
translate idiom to english: Without effort there is no fruit.,Nothing worthwhile is achieved without hard work.,en,en
translate idiom to malayalam: Unity and togetherness under a common cause or leadership.,ഒരു കൂരക്ക് കീഴിൽ ഒരു കൂട്ടം,en,ml
translate idiom to english: చీకటిలో వెలుతురు వెతకాలి,"In difficult situations, one must actively seek hope and solutions.",te,en
translate idiom to hindi: To get ready for a difficult task.,कमर कसना,en,hi
translate idiom to english: By the cat's luck the shelf broke.,Getting something by sheer luck rather than effort or deserve.,en,en
translate idiom to telugu: Intelligence and foresight keep you out of avoidable trouble.,బుద్ధి ఉన్న వాడు బురద లో పడడు,en,te
translate idiom to english: Old rice makes better kheer.,Experience and age bring quality and wisdom.,en,en
translate idiom to english: One mistake creates a thousand tangles.,A single error can multiply into countless complications.,en,en
translate idiom to malayalam: Make the best out of what you have.,ഉള്ളതുകൊണ്ട് ഓണം പോലെ (Ullathukondu onam pole),en,ml
translate idiom to english: Hunger does not know taste.,"When in great need, one cannot be choosy.",en,en
translate idiom to english: കൊഴിഞ്ഞ ഇല തിരിച്ചു ചേരില്ല,Some separations and losses are permanent and irreversible.,ml,en
translate idiom to english: A lamp that once burned will burn again.,Someone who was once great can rise again.,en,en
translate idiom to english: రాతి బండ మీద నీళ్ళు పోసినట్టు,Wasted effort on someone who refuses to change or listen.,te,en
translate idiom to english: You will fall into the pit you dig.,"Karma; if you plot against others, you will ruin yourself.",en,en
translate idiom to english: అడిగితేనే అమ్మ కూడా పెడుతుంది,You must ask for what you need; nothing comes without asking.,te,en
translate idiom to english: Not everything that glitters is gold.,Appearances can be deceptive; do not judge by looks alone.,en,en
translate idiom to english: దొంగలు పడ్డ ఆరు నెలలకు కుక్కలు మొరిగినట్లు (Dongalu padda aaru nelalaku kukkalu moriginatlu),Reacting far too late to a situation to be of any use.,te,en
translate idiom to english: हर घड़ी एक सी नहीं होती,Circumstances change; good and bad times alternate.,hi,en
translate idiom to hindi: Great effort or expectation resulting in a very small outcome.,खोदा पहाड़ निकली चुहिया,en,hi
translate idiom to malayalam: Only those who have suffered know the true value of happiness.,കൈപ്പുള്ളവനേ മധുരത്തിന്റെ വിലയറിയൂ (Kaippullavane madhurathinte vilayariyu),en,ml
translate idiom to english: Children are the mirror of adults.,Children reflect the behaviour and values of those who raised them.,en,en
translate idiom to english: അനുഭവം ആണ് മഹാ ഗുരു (Anubhavam aanu mahaa guru),You learn the best lessons from your own experiences.,ml,en
translate idiom to telugu: There can only be one true leader or authority at a time.,ఒకే రోజు రెండు సూర్యులు రారు,en,te
translate idiom to telugu: Something insignificant becoming a huge nuisance or threat over time.,ఏకు మేకై కూర్చున్నట్లు (Eku mekai kurchunnatlu),en,te
translate idiom to english: बाल-बाल बचना,To have a narrow escape.,hi,en
translate idiom to english: Empty hands do not go.,You must bring something of value when you go somewhere; don't arrive empty-handed.,en,en
"translate idiom to english: तेली का तेल जले, मशालची का दिल जले","Someone else does the work and bears the cost, while another person takes the credit or glory.",hi,en
translate idiom to english: Don't believe something just because everyone said it.,Popular opinion is not always correct; think for yourself.,en,en
translate idiom to telugu: Rewards come only to those who put in the effort.,తోటలో పని చేసే వాడికే తీపి పళ్ళు,en,te
translate idiom to hindi: An obvious truth needs no further proof.,हाथ कंगन को आरसी क्या,en,hi
translate idiom to english: आग लगने पर कुआँ खोदना,Preparing for a crisis only after it has already begun.,hi,en
"translate idiom to english: If you put your head in the mortar, why fear the pestle?","Once committed to a risky path, there is no point fearing its consequences.",en,en
translate idiom to malayalam: External changes cannot alter one's true nature.,കാക്ക കുളിച്ചാൽ കൊക്ക് ആകുമോ,en,ml
translate idiom to english: Pouring ghee into fire.,Making a bad situation worse.,en,en
translate idiom to english: The washerman's dog belongs neither to the home nor the riverbank.,Someone who belongs nowhere; having no fixed place or loyalty.,en,en
translate idiom to telugu: Knowing when to stay silent is more valuable than speaking.,"మాట వెండి, మౌనం బంగారం",en,te
"translate idiom to english: Talking is one thing, doing is another.",There is a big difference between saying and actually doing.,en,en
translate idiom to english: ഒരു കൈ നൽകിയാൽ ഒരു കൈ തിരിച്ചു കിട്ടും,What you give to others comes back to you.,ml,en
translate idiom to english: చెప్పినా వినకపోతే చెడుతారు,Ignoring advice leads to regret.,te,en
translate idiom to english: రాజు ఏం చేసినా రాజే,Those in power are rarely held accountable in the same way as others.,te,en
translate idiom to english: എലിയെ പേടിച്ച് ഇല്ലം ചുടുക (Eliye pedichu illam chuduka),Taking an extreme or destructive measure to solve a small problem.,ml,en
"translate idiom to english: Even if cut 100 times, a mosquito's leg remains small.",Something insignificant will remain insignificant no matter what you do.,en,en
translate idiom to english: Crooked rice pudding.,A very difficult task.,en,en
translate idiom to telugu: Giving and taking should be balanced; no one-sided relationships.,ఒక చేత తీసి ఒక చేత ఇవ్వడం,en,te
"translate idiom to telugu: The more prominent you are, the more challenges and criticism you face.",ఎత్తైన చెట్టుకు గాలి ఎక్కువ,en,te
translate idiom to hindi: Someone is unaware of the value or significance of something.,बंदर क्या जाने अदरक का,en,hi
translate idiom to english: A rolling stone gathers no moss.,A person who keeps moving never settles or accumulates anything.,en,en
"translate idiom to english: ഒരേ ഒരു ജീവൻ, ഒരിക്കൽ മാത്രം",Life is short and must not be wasted; make the most of every opportunity.,ml,en
translate idiom to hindi: Exploit an opportunity without hesitation.,मौका मिले तो माल उड़ाओ,en,hi
translate idiom to hindi: Complete disorder due to incompetent leadership.,अंधेर नगरी चौपट राजा,en,hi
"translate idiom to hindi: Getting something valuable purely by luck, without deserving or knowing it.",अंधे के हाथ बटेर,en,hi
translate idiom to english: Hasty work is the devil's.,Rushing leads to mistakes; patience produces better results.,en,en
translate idiom to telugu: Searching everywhere for something that is right in front of you.,చంకలో పిల్లిని పెట్టుకొని ఊరంతా వెతికినట్లు (Chankalo pillini pettukoni oorantha vethikinatlu),en,te
translate idiom to english: ആനക്കാര്യം ആനയ്ക്ക് അറിയാം,Only the person going through a situation truly understands it.,ml,en
translate idiom to malayalam: Something that is completely impossible.,കാക്ക മലർന്നു പറക്കുമോ (Kaakka malarnnu parakkumo),en,ml
translate idiom to english: Pretending as if it was known beforehand.,Taking credit for knowing something only after the fact.,en,en
translate idiom to hindi: People who make the most noise rarely follow through with action.,जो गरजते हैं वो बरसते नहीं,en,hi
translate idiom to english: കൈ വിട്ട ആയുധം പോലെ (Kai vitta aayudham pole),Words once spoken or actions once taken cannot be reversed.,ml,en
translate idiom to telugu: Bad company corrupts good character.,కూసే గాడిద మేసే గాడిదని చెడగొట్టినట్లు (Koose gaadida mese gaadidani chedagottinatlu),en,te
"translate idiom to english: വീട്ടിൽ ഇല്ല, വഴിക്ക് കൊടുക്കുന്നു",Being generous to strangers while neglecting one's own family or responsibilities.,ml,en
translate idiom to english: A single chickpea cannot burst the roaster.,One person alone cannot bring about major change.,en,en
translate idiom to hindi: A nine days' wonder; short-lived happiness.,चार दिन की चाँदनी फिर अंधेरी रात,en,hi
translate idiom to hindi: Trying to pursue two conflicting paths simultaneously.,दो नावों पर पैर रखना,en,hi
translate idiom to english: నాటిన మొక్క నీడనిస్తుంది,Early investments of effort or kindness yield rewards in the future.,te,en
translate idiom to english: കുളക്കോഴിക്ക് എന്ത് കുളിക്കടവ് (Kulakkozhikku enthu kulikkadavu),A person who is always wandering has no fixed home or boundaries.,ml,en
translate idiom to english: Many drops make a great flood.,Little contributions add up to a massive result.,en,en
translate idiom to english: बिना मेहनत फल नहीं,Nothing worthwhile is achieved without hard work.,hi,en
translate idiom to telugu: Facing extreme hardship or fear.,తల ప్రాణం తోకకు వచ్చినట్లు (Thala pranam thokaku vachinatlu),en,te
translate idiom to malayalam: Life gives you what you want and also what you don't want.,"കൊതിച്ചതും കൊടുക്കണം, ഇഷ്ടപ്പെടാത്തതും",en,ml
translate idiom to malayalam: Something that disappears instantly; fleeting and impermanent.,വെള്ളത്തിൽ വരച്ച വര പോലെ (Vellathil varacha vara pole),en,ml
translate idiom to english: Do not give advice when not asked.,Unsolicited advice is unwelcome and disrespectful.,en,en
translate idiom to hindi: Knowingly walking into a dangerous or harmful situation.,आग में कूदना,en,hi
translate idiom to english: చెవిటి వాడి ముందు శంఖం ఊదినట్లు (Cheviti vaadi mundu shankham oodinatlu),Wasting words on someone who refuses to listen or understand.,te,en
translate idiom to telugu: We idealize what we cannot have.,అందని ఫలం తీపిగా ఉంటుంది,en,te
translate idiom to hindi: To blow one's own trumpet; self-praise.,अपने मुँह मियाँ मिट्ठू बनना,en,hi
translate idiom to english: A cannon to kill a mosquito.,Using a completely disproportionate response for a small problem.,en,en
translate idiom to english: Never break the word you have spoken.,A person must always keep their promise.,en,en
translate idiom to english: One must study during the time for studying.,Every phase of life has its proper activity; missing the right time is costly.,en,en
translate idiom to english: రోకలికి చిగురు పుట్టినట్లు (Rokaliki chiguru puttinatlu),An absolutely impossible event.,te,en
translate idiom to english: Enemy of intellect.,A foolish person.,en,en
translate idiom to telugu: Being truthful and straightforward earns you genuine respect.,నిజాయితీ పరువు తెస్తుంది,en,te
translate idiom to english: గతం గతః (Gatham gathaha),Let bygones be bygones; don't dwell on the past.,te,en
"translate idiom to english: You move branch by branch, I move leaf by leaf.",I can match every trick you use; meeting cunning with cunning.,en,en
translate idiom to malayalam: Knowledge and talent will bring respect regardless of location.,വിദ്വാന് എവിടെയും സ്ഥാനം (Vidwanu evideyum sthaanam),en,ml
translate idiom to malayalam: All talk and no capability; noise without substance.,"ശബ്ദം ഉണ്ട്, ശക്തി ഇല്ല",en,ml
translate idiom to telugu: A truly wise and knowledgeable person is calm and doesn't show off.,నిండు కుండ తొణకదు (Nindu kunda thonakadu),en,te
translate idiom to malayalam: Something that is unlikely to happen.,ആകാശത്ത് താറാവ് പറന്നാൽ,en,ml
translate idiom to malayalam: Persistent consistent effort leads to eventual success.,ഒന്നിൽ തുടങ്ങിയവൻ ഒടുവിൽ ജയിക്കും,en,ml
"translate idiom to english: If the whole village sleeps, who will stand guard?",Collective negligence leaves everyone vulnerable.,en,en
translate idiom to malayalam: Everyone has their own source of strength or support; don't depend on others entirely.,ഒരാൾക്ക് ഒരു ദൈവം,en,ml
translate idiom to english: A tree that grows alone breaks in the wind.,A person without support or community is vulnerable.,en,en
translate idiom to english: बाल की खाल निकालना,To nitpick or over-analyze.,hi,en
translate idiom to english: नेकी और पूछ-पूछ,True kindness needs no announcement; advertising generosity defeats its purpose.,hi,en
translate idiom to english: दाल गलना,To succeed in a trick or plan.,hi,en
translate idiom to english: పాత గాయం మళ్ళీ రేగుతుంది,Old troubles or grief resurface unexpectedly.,te,en
translate idiom to english: The blanket remaining exactly where it was thrown.,Zero progress made in a task over a long period of time.,en,en
translate idiom to malayalam: A mismatched pair; two things that do not belong together.,ഒന്ന് ചെറുതും ഒന്ന് വലുതും,en,ml
translate idiom to malayalam: Only those who put in effort will receive their reward.,ജോലി ചെയ്യുന്നവൻ ഭക്ഷണം കഴിക്കും,en,ml
translate idiom to english: A knowledgeable person does not judge.,"True wisdom brings humility and understanding, not judgment.",en,en
translate idiom to english: పండిన పంట గాలికి పోయింది,Losing something valuable at the last moment despite all the hard work.,te,en
translate idiom to telugu: Losing your originality while trying to imitate someone else.,"హంస నడక రాక, తన నడక మర్చిపోయినట్లు (Hamsa nadaka raaka, thana nadaka marchipoyinatlu)",en,te
translate idiom to malayalam: Persistent effort is needed; one attempt is rarely enough.,ഒറ്റ അടിക്ക് ഒരു കല്ല് ഇളകില്ല,en,ml
translate idiom to telugu: Being two-faced or hypocritical.,నోటితో నవ్వి నొసటితో వెక్కిరించినట్లు (Notitho navvi nosatitho vekkirinchinatlu),en,te
translate idiom to english: Giving a coconut to a monkey.,Giving something valuable to someone who doesn't know how to use it.,en,en
translate idiom to english: Holding leaves after the hands are burnt.,Crying over spilt milk; taking precautions when it is too late.,en,en
translate idiom to english: నోరు తీపిగా మనసు చేదుగా,Saying pleasant things while harbouring negative intentions.,te,en
translate idiom to english: മരിക്കുന്നതിന് മുൻപ് ഓർക്കണം,Do not put off what is important; act while you still have time.,ml,en
translate idiom to english: A doctor who doesn't come on time is useless.,Help that arrives too late is no help at all.,en,en
translate idiom to malayalam: What is over is over; no point revisiting the past.,ഭൂതം പോയ ഭൂതം,en,ml
translate idiom to english: The one who brought it must give it.,Whoever created the problem is responsible for fixing it.,en,en
translate idiom to english: अपने पैर पर कुल्हाड़ी मारना,To harm oneself.,hi,en
"translate idiom to english: Failing to learn the swan's walk, and forgetting one's own.",Losing your originality while trying to imitate someone else.,en,en
translate idiom to english: थक कर चूर होना,To be extremely tired.,hi,en
translate idiom to english: ചോദിക്കാൻ ആളില്ലെങ്കിൽ അമ്പലവാസി എന്തും ചെയ്യും (Chodikkan aalillengil ambalavaasi enthum cheyyum),"Without oversight or accountability, people will abuse their power.",ml,en
translate idiom to english: A crane devotee.,A hypocrite.,en,en
"translate idiom to english: మాట మాటే, పని వేరే",There is a big difference between saying and actually doing.,te,en
translate idiom to telugu: No conflict or achievement happens without two parties.,ఒంటరి చేయి చప్పట్లు కొట్టదు,en,te
translate idiom to telugu: Incomplete knowledge is worse than total ignorance.,"సగం చదువు, సగం వైద్యం ప్రమాదకరం (Sagam chaduvu, sagam vaidyam pramadaakaram)",en,te
translate idiom to english: അക്കരെ നിന്നാൽ ഇക്കരെ പച്ച (Akkare ninnal ikkare paccha),The grass is always greener on the other side.,ml,en
translate idiom to hindi: To do a very difficult task.,लोहे के चने चबाना,en,hi
translate idiom to english: കൂടെ ഉള്ള കള്ളൻ,An enemy within your trusted circle is the most dangerous.,ml,en
translate idiom to english: मुफ्त की शराब काज़ी को भी हलाल,People bend their principles when something is offered for free.,hi,en
translate idiom to english: Good days do come.,"No matter how hard the current situation, better times will follow.",en,en
translate idiom to english: വേരില്ലാത്ത മരം വീഴും,Anything without a strong foundation will eventually collapse.,ml,en
translate idiom to english: കുരയ്ക്കുന്ന പട്ടി കടിക്കില്ല (Kuraykkunna patti kadikkilla),People who make a lot of noise or threats rarely take action.,ml,en
translate idiom to hindi: Overthinking leads to paralysis; sometimes action must replace analysis.,इतना मत सोचो कि कुछ न हो,en,hi
translate idiom to malayalam: To be very close or dear.,കണ്ണിൽ കുളിക്കുക,en,ml
translate idiom to english: నదిలో నీళ్ళు ఆగవు,Life and time keep moving regardless of circumstances.,te,en
translate idiom to english: ഒന്ന് ചോദിച്ചാൽ നൂറ് കിട്ടും,A single honest question can yield abundant insight or help.,ml,en
"translate idiom to english: If there is prosperity in the home, the head of the house prospers.",The wellbeing of the household reflects the wellbeing of its leader.,en,en
translate idiom to english: കൂടെ ഉള്ളവൻ കൂട്ടാളി,Those who stand by you in difficult times are your true allies.,ml,en
"translate idiom to english: Tried to walk like a crow, lost even the swan's gait.",Imitating others badly and also losing your own natural abilities.,en,en
translate idiom to hindi: To be deeply ashamed.,चुल्लू भर पानी में डूब मरना,en,hi
"translate idiom to english: Give what is craved, and also what is not liked.",Life gives you what you want and also what you don't want.,en,en
translate idiom to telugu: Being extremely ungrateful once a favor is received.,ఏరు దాటాక బోడి మల్లన్న (Eru daataka bodi mallanna),en,te
"translate idiom to telugu: When completely exhausted or starving, quality doesn't matter.","ఆకలి రుచి ఎరుగదు, నిద్ర సుఖమెరుగదు (Aakali ruchi erugadu, nidra sukhamerugadu)",en,te
"translate idiom to english: Can't dance, blames the crooked courtyard.",Blaming external factors for one's own incompetence.,en,en
translate idiom to english: తోటలో పని చేసే వాడికే తీపి పళ్ళు,Rewards come only to those who put in the effort.,te,en
translate idiom to english: उतना ही बोलो जितना पचे,Do not say more than you can back up or that others can absorb.,hi,en
translate idiom to english: Becoming a ball of fire.,To become extremely angry.,en,en
translate idiom to telugu: Rushing leads to poor results.,తొందర పని దెందర పాలు,en,te
translate idiom to english: മുള്ളു കൊണ്ടു മുള്ളെടുക്കണം (Mullu kondu mulledukkanam),Fight fire with fire; use a bad thing to cure another bad thing.,ml,en
translate idiom to telugu: Early investments of effort or kindness yield rewards in the future.,నాటిన మొక్క నీడనిస్తుంది,en,te
translate idiom to english: Dig a mountain and find a mouse.,Enormous effort yielding a completely trivial result.,en,en
translate idiom to english: Fortune that came without being remembered or expected.,Unexpected good luck that arrives without planning.,en,en
translate idiom to english: मन के हारे हार है मन के जीते जीत,The outcome depends on your mental attitude and willpower.,hi,en
translate idiom to english: One who strayed in the morning and returns in the evening is not called lost.,It is never too late to correct a mistake and return to the right path.,en,en
translate idiom to english: కూర్చున్న చోట కుళ్ళిపోతావు,Stagnation and inaction lead to decline.,te,en
translate idiom to hindi: Making grand claims that are beyond one's standing or ability.,छोटे मुँह बड़ी बात,en,hi
translate idiom to english: Picking a fight with a crocodile while living in the water.,Picking a fight with someone you entirely depend on.,en,en
translate idiom to english: The son of a scholar is a dunce.,Genius is not always inherited.,en,en
translate idiom to english: Water in a river does not stop.,Life and time keep moving regardless of circumstances.,en,en
translate idiom to hindi: Things and people are valued by their usefulness.,काम आए सो दाम आए,en,hi
translate idiom to hindi: Brains are more valuable than brute strength or size.,अक्ल बड़ी या भैंस,en,hi
translate idiom to english: Crying is useless; live by smiling.,Adopt a positive attitude; wallowing in sorrow changes nothing.,en,en
translate idiom to telugu: Betraying someone slowly and sweetly from the inside.,తడి గుడ్డతో గొంతు కోయడం (Thadi guddatho gonthu koyadam),en,te
translate idiom to english: To catch with colored hands.,To catch red-handed.,en,en
translate idiom to malayalam: Do not criticize what you yourself are refusing or failing to embrace.,ഇരുട്ടത്ത് ഇരുന്ന് വെളിച്ചത്തെ കുറ്റം പറയരുത്,en,ml
translate idiom to malayalam: Passion leads to mastery and fulfillment.,ഇഷ്ടമുള്ളത് ചെയ്‌താൽ ഇഷ്ടം വരും,en,ml
translate idiom to english: हाथी के दाँत खाने के और दिखाने के और,Saying one thing publicly and doing something else privately; hypocrisy.,hi,en
translate idiom to english: आपे से बाहर होना,To lose control due to anger.,hi,en
translate idiom to english: Snake massaging a frog's wound.,Hypocritical help from an enemy who actually intends to harm you.,en,en
translate idiom to english: What is not done now will never be done.,Procrastination means the task will likely never get done.,en,en
translate idiom to telugu: Washing dirty linen in public only brings shame to your own family.,కడుపు చించుకుంటే కాళ్ళ మీద పడుతుంది (Kadupu chinchukunte kalla meeda paduthundi),en,te
translate idiom to english: Admitting a mistake is courage.,It takes real bravery to accept and acknowledge one's errors.,en,en
translate idiom to hindi: Moments pass quickly and cannot be held on to.,समय की रेत,en,hi
translate idiom to english: తప్పు చేసిన వాడికి నీడ కూడా శత్రువు,A guilty person is afraid of everything around them.,te,en
translate idiom to english: Things look green on this shore from the other shore.,The grass is always greener on the other side.,en,en
translate idiom to english: The ascetic at home is ordinary; the one from another village is revered.,Familiarity breeds contempt; outsiders are valued more than locals.,en,en
translate idiom to english: കൂടെ ജനിച്ചവനും ശത്രുവാകും,No relationship guarantees loyalty; even siblings can betray you.,ml,en
translate idiom to hindi: Old pain being revived by a new reminder.,घाव हरा हो जाना,en,hi
translate idiom to english: ఆడినా ఏడ్చినా ఒకటే,"Regardless of your reaction, the outcome will not change.",te,en
translate idiom to english: Good health is the greatest fortune.,Health is more valuable than any wealth.,en,en
"translate idiom to english: If you wash coal, will it become milk?",You cannot change someone's inherent bad nature.,en,en
translate idiom to english: Adding yes to yes.,Blindly agreeing with everything someone says; being a yes-man.,en,en
translate idiom to malayalam: Using a completely disproportionate response for a small problem.,കൊതുകിനെ കൊല്ലാൻ പീരങ്കി,en,ml
translate idiom to telugu: Every conflict or partnership requires both sides.,ఒంటి చేత్తో చప్పట్లు కొట్టలేరు,en,te
"translate idiom to malayalam: Real friendship means being there during hardship, not just in good times.",ഉറ്റ ചങ്ങാതി ഉഴലും നേരം,en,ml
translate idiom to english: Do one thing and one thing returns.,Every action has an equal and corresponding reaction or outcome.,en,en
translate idiom to english: Remember your own deeds.,Be mindful of your own actions before judging others.,en,en
translate idiom to english: Like an elephant entering a sugarcane field.,Being in a state of absolute joy with unlimited access to what one loves.,en,en
translate idiom to english: కాకికి తన పిల్ల బంగారు పిల్ల,Every parent thinks their child is the best regardless of reality.,te,en
translate idiom to malayalam: Every action has an equal and corresponding reaction or outcome.,ഒന്ന് ചെയ്താൽ ഒന്ന് കിട്ടും,en,ml
translate idiom to english: വെള്ളത്തിൽ വരച്ച വര പോലെ (Vellathil varacha vara pole),Something that disappears instantly; fleeting and impermanent.,ml,en
translate idiom to english: To play a flute in front of a buffalo.,Casting pearls before swine.,en,en
translate idiom to malayalam: A person who keeps moving never settles or accumulates anything.,ഉരുണ്ട കല്ല് പായൽ പിടിക്കില്ല,en,ml
"translate idiom to english: మింగ మెతుకు లేదు, మీసాలకు సంపెంగ నూనె (Minga methuku ledu, meesalaku sampenga nune)",Showing off outwardly despite extreme inner poverty or lack of substance.,te,en
translate idiom to english: ആരോഗ്യമേ മഹാഭാഗ്യം,Health is more valuable than any wealth.,ml,en
translate idiom to english: The fence itself eating the crop.,The protector turning into the predator.,en,en
translate idiom to hindi: Looking everywhere for something that is right beside you.,"बगल में छोरा, शहर में ढिंढोरा",en,hi
translate idiom to english: एक मछली सारे तालाब को गंदा करती है,One bad person can corrupt an entire group.,hi,en
"translate idiom to malayalam: A home that is blessed with warmth, prosperity, and harmony.",ഗൃഹലക്ഷ്മി ഉള്ള ഇടം,en,ml
translate idiom to english: ഉരുണ്ട കല്ല് പായൽ പിടിക്കില്ല,A person who keeps moving never settles or accumulates anything.,ml,en
translate idiom to english: ഓർമ്മ ഉള്ളപ്പോൾ ഓർക്കണം,Do not take things or people for granted; appreciate while you still have them.,ml,en
translate idiom to malayalam: Someone who pretends to be harmless or good but is actually dangerous.,ആട്ടിൻ തോലിട്ട ചെന്നായ,en,ml
translate idiom to english: Reach out your hand and you will receive.,You must take initiative; opportunities come to those who try.,en,en
translate idiom to malayalam: Fight fire with fire; use a bad thing to cure another bad thing.,മുള്ളു കൊണ്ടു മുള്ളെടുക്കണം (Mullu kondu mulledukkanam),en,ml
translate idiom to english: Something black in the lentils.,Something is fishy.,en,en
translate idiom to english: हाथ दिखाना,Refusing or turning someone away.,hi,en
translate idiom to english: Even a small river merges into the great sea.,Small individual contributions eventually join something much greater.,en,en
translate idiom to english: ഏണിപ്പടി ഒഴിഞ്ഞ ശേഷം ഏണിയെടുക്കും,People remove the means of progress for others once they themselves have benefited.,ml,en
translate idiom to hindi: Raising irrelevant objections only after already benefiting from something.,पानी पीकर जात पूछते हो,en,hi
translate idiom to telugu: We always think others have something better than what we have.,పొరుగింటి పుల్లకూర రుచి,en,te
translate idiom to hindi: To be caught in a very difficult situation with no easy exit.,बुरे फँसे,en,hi
"translate idiom to telugu: In difficult situations, one must actively seek hope and solutions.",చీకటిలో వెలుతురు వెతకాలి,en,te
translate idiom to english: What does a monkey know of the taste of ginger?,A person cannot appreciate something beyond their understanding.,en,en
translate idiom to english: नीम हकीम खतरे जान,Partial knowledge or incompetent expertise is dangerous.,hi,en
translate idiom to malayalam: You will have to face the consequences of your wrong actions.,ഉപ്പു തിന്നവൻ വെള്ളം കുടിക്കും (Uppu thinnavan vellam kudikkum),en,ml
translate idiom to malayalam: A mother is the supreme figure of love and reverence.,മാതാവിനേക്കാൾ വലിയ ദൈവമില്ല (Maathavinekkaal valiya daivamilla),en,ml
translate idiom to english: ഇന്നലെ ഉണ്ടായിരുന്നത് ഇന്ന് ഇല്ല,Nothing is permanent; circumstances change constantly.,ml,en
"translate idiom to telugu: When alone and quiet, one sees things as they truly are.",ఏకాంతం లో నిజం కనపడుతుంది,en,te
translate idiom to malayalam: Ambition and action carry the risk of failure.,ഓടുന്നിടത്ത് വീഴ്ചയും ഉണ്ട്,en,ml
translate idiom to english: ఆడిన మాట తప్పకు,A person must always keep their promise.,te,en
translate idiom to english: Strike the iron while it is hot.,Act at the right moment when conditions are favourable.,en,en
translate idiom to telugu: Resolving a conflict safely without causing harm to either side.,"పాము చావకూడదు, కర్ర విరగకూడదు (Paamu chavakudadu, karra viragakudadu)",en,te
translate idiom to english: खाली दिमाग शैतान का घर,Idle people tend to get into trouble or think harmful thoughts.,hi,en
translate idiom to english: सावधानी हटी दुर्घटना घटी,A moment of carelessness is all it takes for disaster to strike.,hi,en
translate idiom to malayalam: To unnecessarily invite trouble into one's life.,വേലിയിൽ ഇരുന്ന പാമ്പിനെ എടുത്തു തോളിൽ വയ്ക്കുക (Veliyil irunna paambine eduthu tholil vaykuka),en,ml
translate idiom to malayalam: Looking for something that is right in front of you.,"കക്ഷത്തിൽ കുഞ്ഞ്, ഊരു തേടി",en,ml
translate idiom to hindi: Self-reliance is the surest support; do not depend on others.,अपना हाथ जगन्नाथ,en,hi
translate idiom to english: One who spends life criticizing.,A chronic fault-finder who never contributes anything positive.,en,en
translate idiom to english: నీళ్ళు పోసి మొక్క పెంచాలి,Relationships and skills need consistent nurturing to flourish.,te,en
"translate idiom to english: Child is in the armpit, but searching the entire town.",Looking for something that is right in front of you.,en,en
translate idiom to english: నోరు మంచిదైతే ఊరు మంచిది,Kind and careful speech creates goodwill everywhere you go.,te,en
"translate idiom to english: నాలుక తీపి, మనసు చేదు",Someone who speaks sweetly but harbors bad intentions.,te,en
translate idiom to english: കാറ്റ് ഏൽക്കാത്ത ദീപം,Someone who is not influenced by outside pressure or opinion.,ml,en
translate idiom to malayalam: Great suffering can build great resilience.,ഇരട്ടി ദുഃഖം ഇരട്ടി ബലം,en,ml
translate idiom to english: ఎక్కువ ఆలోచిస్తే ఏమీ కాదు,Overthinking prevents action and progress.,te,en
translate idiom to english: An umbrella that won't bow under one roof.,A person who refuses to submit to any authority.,en,en
"translate idiom to english: Small rain, big mud.",A small event can cause disproportionately large problems.,en,en
translate idiom to english: ఒంటి చేత్తో చప్పట్లు కొట్టలేరు,Every conflict or partnership requires both sides.,te,en
translate idiom to english: जब तक साँस तब तक आस,One should never give up hope while alive.,hi,en
translate idiom to english: A lamp that burns alone.,A person who stands out and excels without any support.,en,en
translate idiom to english: What use is regret after the hand is cut?,Regretting after the damage is done is useless.,en,en
translate idiom to english: Giving a coin's worth of an answer.,Dismissing someone with a blunt or curt refusal.,en,en
"translate idiom to english: Studied Persian, sells oil.",Someone whose education or qualifications are completely unrelated to what they actually do.,en,en
translate idiom to english: A half-filled pot keeps spilling.,People with little knowledge tend to show off the most.,en,en
translate idiom to hindi: A hard-hearted person cannot be made compassionate.,पत्थर पर दूब नहीं जमती,en,hi
"translate idiom to english: If there is paddy in the granary, rats will come even from Wayanad.","If you are wealthy or successful, people will find you no matter where you are.",en,en
translate idiom to english: You will rot where you sit.,Stagnation and inaction lead to decline.,en,en
translate idiom to english: अपनी करनी पार उतरनी,Only your own efforts and actions will ultimately save you.,hi,en
translate idiom to english: Remembering one's maternal grandmother.,To be in great distress or difficulty.,en,en
translate idiom to english: A crow's child is beautiful to the crow.,"Everyone loves their own offspring, regardless of their flaws.",en,en
translate idiom to telugu: A secret once spoken spreads uncontrollably and widely.,పెదవి దాటితే పెన్న దాటుతుంది (Pedavi daatithe penna daatuthundi),en,te
translate idiom to malayalam: A person with limited ability facing a very large challenge.,"ചെറിയ വള്ളം, ആഴമുള്ള കടൽ",en,ml
translate idiom to english: ഉള്ളതുകൊണ്ട് ഓണം പോലെ (Ullathukondu onam pole),Make the best out of what you have.,ml,en
translate idiom to hindi: Demand is much higher than supply.,एक अनार सौ बीमार,en,hi
translate idiom to english: किसी के मुँह में घी शक्कर,Wishing that what someone says turns out to be true.,hi,en
translate idiom to english: चार दिन की चाँदनी फिर अंधेरी रात,A nine days' wonder; short-lived happiness.,hi,en
translate idiom to hindi: A bad situation made even worse by adding another negative element.,एक तो करेला ऊपर से नीम चढ़ा,en,hi
translate idiom to english: One group under one roof.,Unity and togetherness under a common cause or leadership.,en,en
translate idiom to english: Truth appears in solitude.,"When alone and quiet, one sees things as they truly are.",en,en
"translate idiom to english: Whether you dance or cry, it is the same.","Regardless of your reaction, the outcome will not change.",en,en
translate idiom to english: सीधी उँगली से घी नहीं निकलता,Sometimes you need to be clever or indirect to get things done.,hi,en
translate idiom to english: പട്ടി കുരച്ചാൽ പല്ലക്ക് നിൽക്കുമോ (Patti kurachal pallakku nilkkumo),The progress of the great will not be stopped by the criticism of the insignificant.,ml,en
translate idiom to english: Keeping a lamp in the wind and calling God.,Acting carelessly and hoping for a miracle.,en,en
translate idiom to malayalam: Something beautiful or pleasant.,പൂവിന്റെ മണം,en,ml
translate idiom to english: ഒരു വാക്ക് ആയിരം യുദ്ധം ജയിക്കും,The right words spoken at the right time can be more powerful than force.,ml,en
translate idiom to english: Dogs barking 6 months after the robbery.,Reacting far too late to a situation to be of any use.,en,en
translate idiom to malayalam: To be aware of something.,കണ്ടു കേൾക്കുക,en,ml
translate idiom to english: To apply salt and chili.,To exaggerate a story.,en,en
translate idiom to telugu: Only the person experiencing hardship truly understands it.,ఒకరి బాధ ఒకరికి తెలియదు,en,te
translate idiom to english: മുറ്റത്തെ മുല്ലയ്ക്ക് മണമില്ല (Muttathe mullakku manamilla),Familiarity breeds contempt; undervaluing what is easily available.,ml,en
translate idiom to english: हर चमकने वाली चीज़ सोना नहीं होती,Appearances can be deceptive; not everything attractive is valuable.,hi,en
translate idiom to english: Putting them aside.,Ignoring distractions or irrelevant matters.,en,en
translate idiom to english: Like a wooden pestle sprouting leaves.,An absolutely impossible event.,en,en
"translate idiom to english: If one person runs, a whole village runs.",Panic is contagious; one person's fear can spread to many.,en,en
translate idiom to english: जिसकी लाठी उसकी भैंस,Power belongs to those who are strongest; might is right.,hi,en
translate idiom to english: Words mix into the wind.,Spoken promises or words fade away; only actions have lasting effect.,en,en
translate idiom to malayalam: Life brings a new challenge every day; trouble is relentless.,ഒരു ദിവസം ഒരു കഷ്ടം,en,ml
translate idiom to english: The snake dies and the stick doesn't break either.,Achieving the goal without losing or sacrificing anything.,en,en
translate idiom to malayalam: Constant unfulfilled expectations leading to chronic disappointment.,"ആഴ്ചതോറും ആശ, ദിവസം തോറും നിരാശ",en,ml
translate idiom to english: అడగని వాడికి అన్నం పెట్టరు,You must ask for what you need; nothing is given to the passive.,te,en
translate idiom to english: खाली बर्तन शोर करते हैं,People with little substance or knowledge tend to be the loudest.,hi,en
translate idiom to malayalam: A conflict or collaboration requires both parties.,ഒരു കൈ കൊണ്ട് കൈയടിക്കില്ല,en,ml
translate idiom to english: The tall tree gets more wind.,"The more prominent you are, the more challenges and criticism you face.",en,en
translate idiom to hindi: Dismissing someone with a blunt or curt refusal.,टका सा जवाब देना,en,hi
translate idiom to malayalam: Time heals all wounds.,കാലം ഔഷധം,en,ml
"translate idiom to english: When a pot is full, it overflows.",Every person has a limit to their patience; push too far and they will react.,en,en
translate idiom to english: കാക്കയ്ക്കും കോഴിക്കും കല്ല്യാണം (Kaakkakkum kozhikkum kallyaanam),"A completely chaotic, mismatched, or absurd situation.",ml,en
translate idiom to english: One blow of a blacksmith equals a hundred of a goldsmith.,One decisive action is worth more than a hundred small or weak ones.,en,en
translate idiom to telugu: To restrict someone's freedom or movement.,కాళ్ళు కట్టడం,en,te
translate idiom to english: ഉരുളക്കുപ്പേരി ഉത്തരം,"Giving a sharp, fitting counter-reply to a remark.",ml,en
translate idiom to telugu: Force or aggression cannot bring about what requires patience and skill.,రాయి దెబ్బకు నీళ్ళు లేవు,en,te
translate idiom to hindi: It is never too late to correct a mistake and return to the right path.,सुबह का भूला शाम को घर आए तो भूला नहीं कहलाता,en,hi
translate idiom to hindi: Staying alert and aware of what is happening around you.,आँखें खुली रखना,en,hi
translate idiom to english: कभी नाव गाड़ी पर कभी गाड़ी नाव पर,Life is unpredictable; roles and circumstances keep reversing.,hi,en
translate idiom to hindi: To deliver a perfectly fair and clear judgment.,दूध का दूध पानी का पानी,en,hi
translate idiom to english: പകൽ ചെയ്തത് രാത്രി മറക്കരുത്,Be consistent in your actions; do not contradict yourself.,ml,en
translate idiom to english: కీలెరిగి వాత పెట్టాలి (Keelerigi vatha pettali),Speak or act precisely where it hurts or matters the most.,te,en
translate idiom to english: Playing the flute.,Making light of a serious situation; being carefree when one shouldn't be.,en,en
translate idiom to hindi: To be extremely happy.,फूले न समाना,en,hi
translate idiom to malayalam: What business does an ignorant/irrelevant person have in serious matters?,പൊന്നുരുക്കുന്നിടത്ത് പൂച്ചക്കെന്തു കാര്യം (Ponnurukkunnidathu poochakkenthu karyam),en,ml
translate idiom to english: To make earth and sky one.,To put in an immense effort.,en,en
translate idiom to hindi: People and things are inherently different; equality is not universal.,पाँचों उँगलियाँ बराबर नहीं होतीं,en,hi
translate idiom to english: To drown in a handful of water.,To be deeply ashamed.,en,en
translate idiom to english: घर का जोगी जोगड़ा आन गाँव का सिद्ध,Familiarity breeds contempt; outsiders are valued more than locals.,hi,en
"translate idiom to english: ముందు నుయ్యి, వెనుక గొయ్యి (Mundu nuyyi, venuka goyyi)",Caught between the devil and the deep blue sea.,te,en
translate idiom to english: A sharp-minded person will not fall into a pit.,Intelligence and foresight keep you out of trouble.,en,en
translate idiom to english: Chankaran is the perfect match for Chakki.,"Made for each other, usually used for two similarly flawed people.",en,en
translate idiom to hindi: Those who act early get the benefit.,पहले आओ पहले पाओ,en,hi
translate idiom to english: Doing harm to the benefactor.,Biting the hand that feeds you.,en,en
translate idiom to telugu: Be loyal to those who sustain you.,ఏ చెట్టు పండు తింటే ఆ చెట్టు నీడలో విశ్రమించు,en,te
translate idiom to english: అమ్మ చేయి తింటే రుచే వేరు,Nothing compares to the genuine love and care of someone who truly cares for you.,te,en
translate idiom to english: चुप रहना सोने के बराबर,Knowing when to stay quiet is a great virtue.,hi,en
translate idiom to telugu: Hardship reveals what one truly needs and values.,అడవిలో ఆకలి తెలుస్తుంది,en,te
translate idiom to english: रंगे हाथों पकड़ना,To catch red-handed.,hi,en
"translate idiom to english: Milk is milk, water is water.",To deliver a perfectly fair and clear judgment.,en,en
"translate idiom to english: From the other shore, this shore looks green.",The grass is always greener on the other side.,en,en
translate idiom to english: ഉള്ളതു കൊണ്ട് ഒതുങ്ങിക്കഴിയണം,Be content and resourceful with what is available.,ml,en
translate idiom to hindi: To make a mountain out of a molehill.,तिल का ताड़ बनाना,en,hi
translate idiom to telugu: A person who breaks promises is no better than an inanimate object.,ఆడిన మాట తప్పితే అడవిలో చెట్టు,en,te
translate idiom to english: One tree does not make a forest.,One person alone cannot create a major change or movement.,en,en
translate idiom to malayalam: No one can stay at the top forever; pride before a fall.,മരം കേറിയവൻ ഒരുനാൾ ഇറങ്ങും,en,ml
translate idiom to english: A city was not built in a single day.,Great things take time and sustained effort.,en,en
translate idiom to malayalam: Not speaking up is taken as agreement.,മൗനം സമ്മതം,en,ml
translate idiom to english: Remove a thorn using another thorn.,Fight fire with fire; use a bad thing to cure another bad thing.,en,en
translate idiom to english: കൂട്ടത്തോടെ കൂവിയാൽ ഫലമില്ല,Collective noise without action or unity of purpose achieves nothing.,ml,en
translate idiom to english: Does a donkey know the smell of camphor?,An uncultured person cannot appreciate the value of fine things.,en,en
"translate idiom to english: If you don't like it, get out.",Take it or leave it; no room for complaints.,en,en
translate idiom to english: അണ്ണാറക്കണ്ണനും തന്നാലായത് (Annarakkannanum thannalayathu),Every small contribution matters.,ml,en
translate idiom to english: रंगे हाथों पकड़ना,To catch someone red-handed in the act.,hi,en
"translate idiom to english: Out of sight, out of mind.","Once someone leaves or is not visible, they are quickly forgotten.",en,en
translate idiom to malayalam: Little contributions add up to a massive result.,പല തുള്ളി പെരുവെള്ളം (Pala thulli peru vellam),en,ml
"translate idiom to english: ആനക്കൊരു ദണ്ഡ്, ആട്ടിൻകുട്ടിക്കൊരു ദണ്ഡ്",Applying the same standard or punishment regardless of size or severity.,ml,en
"translate idiom to english: If the heart has courage, even the wall speaks.",Courage opens up possibilities that seem impossible.,en,en
translate idiom to english: Through gold and through a woman.,Wealth and women are the root causes of all conflicts in the world.,en,en
translate idiom to english: Buying the whole cow just for milk.,Using disproportionately large means for a small need.,en,en
translate idiom to malayalam: A situation where every option leads to a problem; a no-win situation.,"തിന്നാൽ ദോഷം, തിന്നാതിരുന്നാൽ ദോഷം",en,ml
translate idiom to telugu: The grass is always greener on the other side.,దూరపు కొండలు నునుపు (Doorapu kondalu nunupu),en,te
translate idiom to english: A thorn removed by a thorn.,Fighting fire with fire; using similar means to counter a problem.,en,en
translate idiom to english: Opening the eyes of the mind.,Gaining awareness or insight about a situation.,en,en
"translate idiom to english: കൊഴിഞ്ഞ് പോകും ഇല, പക്ഷേ മരം നിൽക്കും",Individuals come and go but the institution or family remains.,ml,en
translate idiom to english: ബുദ്ധി ഉള്ളവൻ ഒറ്റക്ക് നടക്കും,Truly wise people do not need the crowd's validation.,ml,en
